채수위치,조사일,수온(℃),pH,DO(㎎/L),투명도,탁도,Chl-a (㎎/㎥),유해남조류 세포수 (cells/㎖),수위(EL.m),저수량(백만㎥),저수율(%),강우량(mm),유입량(㎥/s),총방류량(㎥/s),평균기온(°C),일강수량(mm),합계 일조시간(hr),합계 일사량(MJ/m2),TN(㎎/L),TP(㎎/L),NP_Ratio,Retention_Index,7일뒤_AI예측_세포수,조류경보제 발령 예상
추동,2016-04-18,10.2,7.8,11.2,1.8,3.1,5.0,0.0,68.52,721.814,48.4,0.688,102.719,19.447,12.3,1.7,9.6,23.73,,,,37.11698462487787,0.0,해제
추동,2016-05-02,13.9,8.0,11.8,3.0,1.8,5.8,0.0,70.28,810.13,54.4,1.9942,53.058,41.082,19.8,6.3,8.3,22.04,,,,19.719828635412103,166.0,해제
추동,2016-05-16,15.2,7.8,10.4,4.4,1.3,3.6,12.0,70.06,798.79,53.6,7.7333,39.989,51.877,15.9,5.2,11.7,29.91,,,,15.397767796904214,415.0,해제
추동,2016-06-07,20.1,8.0,8.2,2.7,2.7,7.8,0.0,67.93,693.797,46.6,0.4327,18.523,78.317,21.9,1.2,4.1,17.95,,,,8.858830139050271,891.0,해제
추동,2016-06-20,23.1,8.3,8.6,2.3,3.0,8.0,0.0,66.6,633.378,42.5,3.2715,18.06,69.136,24.2,2.2,5.8,19.67,,,,9.16133418190234,560.0,해제
추동,2016-06-27,23.3,8.4,8.2,2.1,3.1,12.2,166.0,66.09,611.195,41.0,0.0,19.59,59.453,23.3,5.5,5.1,16.32,,,,10.280305451364944,176.0,해제
추동,2016-07-04,23.3,8.3,6.3,2.2,8.5,13.1,596.0,68.11,702.264,47.1,92.556,842.346,34.864,22.1,179.1,0.0,3.42,,,,20.14295548416705,0.0,해제
추동,2016-07-11,23.7,8.0,7.7,1.3,20.3,7.7,0.0,75.16,1086.143,72.9,2.6503,112.51,233.834,27.1,0.3,2.8,16.95,,,,4.644931874748753,277.0,해제
추동,2016-08-16,26.1,8.4,4.0,2.6,5.0,3.9,3414.0,71.4,869.308,58.3,0.0,7.393,51.137,29.9,0.0,9.0,23.67,,,,16.999589338443787,6890.0,관심
추동,2016-08-29,25.0,7.7,5.6,1.8,5.3,7.2,182.0,70.53,823.129,55.2,0.3895,9.225,51.602,20.5,3.1,9.9,22.85,,,,15.95149412813457,4875.0,관심
추동,2016-09-05,24.6,8.3,5.5,1.8,7.9,7.2,5008.0,70.27,809.613,54.3,0.9667,21.206,45.176,26.2,0.0,5.0,13.15,,,,17.921307774039313,7541.0,관심
추동,2016-09-12,24.6,8.1,5.6,1.8,4.1,8.3,8258.0,69.97,793.931,53.3,1.4279,12.911,39.471,23.5,9.8,5.7,15.95,,,,20.114286438144465,12634.0,경계
추동,2016-10-17,21.4,8.3,5.4,2.1,4.0,6.1,820.0,73.02,959.251,64.4,1.4919,41.29,28.07,17.6,1.0,6.9,14.43,,,,34.17353045956537,2335.0,관심
추동,2016-10-24,20.4,7.2,6.5,1.5,5.7,5.7,0.0,73.06,961.537,64.5,0.1019,14.845,28.092,15.5,0.0,8.9,15.78,,,,34.22814324362808,2455.0,관심
추동,2016-10-31,18.8,7.4,6.3,1.8,3.9,4.3,0.0,73.08,962.682,64.6,0.0,21.6,28.227,7.8,0.0,0.0,2.68,,,,34.105005845467105,942.0,해제
추동,2016-11-07,17.5,7.6,7.4,2.4,4.7,5.6,0.0,73.02,959.251,64.4,0.8621,21.412,28.025,14.3,2.7,5.2,10.18,,,,34.228403211418374,1027.0,관심
추동,2016-11-14,16.4,7.3,8.5,2.9,3.4,7.8,80.0,72.95,955.257,64.1,0.0525,15.103,28.299,15.3,0.1,6.7,10.67,,,,33.755857097423934,898.0,해제
추동,2016-11-21,15.5,7.6,9.1,3.0,2.9,13.2,0.0,72.84,949.0,63.7,0.4316,18.787,31.933,8.7,0.1,0.0,2.33,,,,29.718473052954625,843.0,해제
추동,2016-12-05,12.4,7.5,10.1,3.2,2.3,17.6,0.0,72.55,932.621,62.6,0.0,12.735,32.256,8.9,0.2,3.7,6.22,,,,28.913101438492063,1098.0,관심
추동,2016-12-12,11.1,7.6,10.0,4.4,2.4,7.6,0.0,72.43,925.892,62.1,0.0,21.906,28.383,4.3,0.0,6.5,8.18,,,,32.621357855054086,526.0,해제
추동,2016-12-19,10.1,8.5,10.2,3.8,1.5,2.8,0.0,72.29,918.078,61.6,2.6928,15.676,28.568,7.8,1.8,0.9,3.97,,,,32.136586390366844,251.0,해제
추동,2016-12-26,9.5,8.4,10.1,3.0,1.9,2.4,0.0,72.34,920.864,61.8,11.6639,41.378,28.472,3.1,10.8,0.0,1.48,,,,32.34279291935937,166.0,해제
추동,2017-01-09,8.4,8.6,11.1,3.0,2.0,3.3,0.0,72.39,923.656,62.0,0.0974,15.215,28.153,4.3,0.0,6.4,8.35,,,,32.80843959791141,0.0,해제
추동,2017-01-23,5.7,7.7,11.2,4.7,1.8,2.8,36.0,72.18,911.966,61.2,0.0273,21.941,28.361,-6.5,0.0,8.9,14.14,,,,32.155636261062725,0.0,해제
추동,2017-02-13,4.6,7.1,12.4,3.8,2.0,1.9,84.0,71.79,890.488,59.8,0.3237,15.905,28.569,0.3,0.6,5.7,11.33,,,,31.169729427001297,699.0,해제
추동,2017-02-20,5.2,7.8,12.5,2.8,3.4,1.5,78.0,71.68,884.484,59.4,16.4878,28.326,28.326,1.3,15.3,7.0,15.09,,,,31.225164160135567,170.0,해제
추동,2017-03-06,5.9,7.9,12.3,2.1,2.5,1.5,72.0,72.09,906.983,60.9,0.0505,21.771,28.17,1.8,0.0,10.8,21.82,,,,32.19676961306354,0.0,해제
추동,2017-03-20,7.0,7.5,12.6,4.9,2.3,2.1,94.0,71.94,898.713,60.3,0.9673,22.42,28.785,8.6,0.1,2.3,7.39,,,,31.221573736321,702.0,해제
추동,2017-03-27,7.2,7.6,12.2,2.8,1.6,2.1,0.0,71.83,892.677,59.9,2.4137,22.769,29.109,6.4,1.6,5.2,10.9,,,,30.666701020303,375.0,해제
추동,2017-04-17,10.2,7.9,12.1,3.2,2.5,2.0,0.0,71.94,898.713,60.3,20.059,42.955,30.232,13.7,26.8,1.9,3.39,,,,29.72720957925377,1130.0,관심
추동,2017-06-26,20.8,8.7,10.1,1.7,2.6,8.8,0.0,67.71,683.543,45.9,7.3157,13.381,61.787,23.9,1.8,4.1,15.51,,,,11.06289348892162,0.0,해제
추동,2017-07-03,21.8,8.4,9.1,1.5,3.0,9.7,0.0,67.78,686.794,46.1,59.3482,218.4,47.361,25.3,69.9,0.6,8.72,,,,14.501256307932689,130.0,해제
추동,2017-07-10,22.5,8.5,9.3,0.9,4.1,10.7,0.0,69.84,787.273,52.8,7.4904,208.715,26.742,25.8,35.0,0.6,7.68,,,,29.43957071273652,467.0,해제
추동,2017-07-17,23.2,8.4,8.5,1.7,3.3,6.1,68.0,71.27,862.314,57.9,8.7191,207.667,28.468,25.6,7.1,0.0,8.58,,,,30.290642124490656,512.0,해제
추동,2017-07-24,24.0,8.1,6.3,2.1,3.1,4.8,0.0,71.65,882.85,59.3,9.8736,45.252,32.661,28.8,0.7,0.0,8.75,,,,27.030709408774992,1158.0,관심
추동,2017-07-31,24.5,7.8,5.4,2.2,3.2,3.1,0.0,72.27,916.965,61.5,24.6416,105.136,28.029,25.1,29.2,0.0,3.86,,,,32.714866745156804,7121.0,관심
추동,2017-08-14,25.5,8.0,5.2,1.9,2.9,4.0,1088.0,73.38,979.947,65.8,60.365,207.751,27.812,22.4,65.0,0.2,6.15,,,,35.234682870703296,13176.0,경계
추동,2017-08-21,25.3,7.9,4.0,1.9,4.4,9.8,14422.0,74.87,1068.399,71.7,21.5679,137.929,236.821,24.7,36.1,0.1,6.86,,,,4.511420017650462,2439.0,관심
추동,2017-08-28,26.1,8.2,4.6,1.8,3.8,8.2,3202.0,74.3,1034.027,69.4,13.679,107.174,238.924,24.8,35.2,3.8,12.7,,,,4.327849023120323,816.0,해제
추동,2017-09-11,25.3,7.8,5.7,2.1,4.1,11.0,3302.0,74.12,1023.311,68.7,57.5816,139.915,30.308,20.4,77.0,0.3,6.29,,,,33.763725748977166,7971.0,관심
추동,2017-11-13,17.1,7.7,8.8,2.6,2.8,10.1,208.0,73.88,1009.125,67.7,0.0525,17.479,37.928,7.3,0.0,1.5,6.49,,,,26.60633305209872,1044.0,관심
추동,2017-12-04,12.1,7.8,9.8,3.0,2.3,5.6,0.0,73.23,971.292,65.2,0.5061,8.608,28.601,2.3,0.0,7.4,11.67,,,,33.960071326177406,321.0,해제
추동,2017-12-11,10.5,7.8,10.1,3.0,2.1,6.0,0.0,73.07,962.11,64.6,0.0,8.518,28.4,-4.2,0.6,2.4,6.19,,,,33.87711267605634,918.0,해제
추동,2017-12-18,8.5,7.9,10.9,2.8,1.7,6.7,0.0,72.87,950.704,63.8,0.0,15.426,28.585,1.0,0.0,7.0,9.51,,,,33.25884205002623,277.0,해제
추동,2017-12-26,7.9,7.8,11.7,3.4,1.4,6.8,0.0,72.61,935.996,62.8,0.0273,7.711,27.274,-1.1,0.3,5.5,4.31,,,,34.3182518149153,439.0,해제
추동,2018-01-08,6.4,7.7,12.4,3.1,1.6,5.0,0.0,72.34,920.864,61.8,2.2279,15.521,28.436,1.5,3.6,0.0,1.05,,,,32.38373892249262,661.0,해제
추동,2018-01-22,5.7,7.5,11.4,4.7,1.6,3.3,0.0,72.1,907.536,60.9,2.5861,22.029,28.431,3.0,0.8,1.2,6.34,,,,31.920649994724062,624.0,해제
추동,2018-03-05,4.4,7.6,13.2,3.1,2.9,3.1,0.0,71.24,860.705,57.8,19.4853,54.139,29.336,6.6,18.6,0.0,4.88,,,,29.339548677392965,978.0,해제
추동,2018-03-19,5.9,8.3,13.2,2.9,2.1,2.6,0.0,72.35,921.422,61.8,19.459,87.158,29.132,8.3,22.0,0.0,2.91,,,,31.62920499794041,777.0,해제
추동,2018-04-23,10.8,7.2,10.7,2.7,3.3,4.3,0.0,74.94,1072.666,72.0,26.2345,65.566,58.503,11.4,38.9,0.0,1.07,,,,18.335230671931352,1272.0,관심
추동,2018-06-04,17.4,8.3,10.5,2.7,1.9,11.4,342.0,73.12,964.974,64.8,0.0,31.198,84.355,23.5,0.0,7.8,24.41,,,,11.43944045996088,0.0,해제
추동,2018-06-11,17.4,8.4,10.5,1.8,1.9,11.7,712.0,72.35,921.422,61.8,0.5975,13.305,84.478,20.4,0.0,1.1,13.74,,,,10.907242122209334,780.0,해제
추동,2018-07-02,21.1,8.2,9.5,1.6,5.1,9.7,128.0,71.59,879.589,59.0,67.3632,728.254,202.241,22.8,43.9,0.2,5.7,,,,4.34921207865863,494.0,해제
추동,2018-07-09,22.5,8.4,7.4,2.1,3.6,9.2,108.0,72.16,910.857,61.1,13.625,109.392,173.648,20.5,35.5,0.0,3.94,,,,5.245421772781719,583.0,해제
추동,2018-08-13,25.0,8.4,3.7,1.4,4.2,8.8,7716.0,70.71,832.563,55.9,0.5717,18.331,54.888,31.2,0.0,9.1,21.87,,,,15.168397463926542,7924.0,관심
추동,2018-08-27,25.3,8.5,5.3,2.0,4.6,8.4,1910.0,72.45,927.012,62.2,65.5486,1607.661,105.798,23.6,53.0,0.0,4.0,,,,8.76209380139511,1606.0,관심
추동,2018-09-03,24.5,8.3,4.9,1.7,6.3,6.9,3080.0,75.3,1094.771,73.5,25.354,280.296,503.097,24.4,89.8,1.6,10.93,,,,2.1760634629107307,730.0,해제
추동,2018-10-01,22.5,7.2,8.1,1.5,5.6,35.3,2870.0,75.31,1095.389,73.5,1.836,29.459,29.459,15.5,1.7,5.1,14.3,,,,37.18350928408975,3168.0,관심
추동,2018-10-29,18.3,7.2,8.4,2.2,3.0,20.3,822.0,75.83,1127.803,75.7,0.8519,36.972,29.696,9.1,0.2,3.2,7.29,,,,37.978279903017246,804.0,해제
추동,2018-12-03,13.6,7.6,10.3,3.9,1.8,10.4,372.0,75.78,1124.662,75.5,9.2906,29.933,29.933,12.6,10.6,0.0,1.92,,,,37.57264557511776,982.0,해제
추동,2018-12-17,9.6,7.3,10.3,3.4,1.4,5.8,314.0,75.8,1125.918,75.6,0.0,22.453,29.724,3.6,0.1,7.2,10.18,,,,37.879087605974966,377.0,해제
추동,2019-01-28,5.2,7.6,12.0,3.9,1.6,3.6,642.0,75.06,1080.004,72.5,0.3562,7.876,29.164,2.3,0.8,8.4,12.31,,,,37.03209436291318,188.0,해제
추동,2019-02-07,5.0,7.7,12.7,3.4,2.2,4.3,390.0,74.93,1072.056,72.0,0.0,22.093,29.156,1.8,0.0,7.0,12.59,,,,36.7696529016326,610.0,해제
추동,2019-02-18,4.6,7.8,11.4,4.6,2.2,4.5,324.0,74.73,1059.895,71.1,0.0,15.143,29.175,1.9,0.1,4.3,10.72,,,,36.32887746358183,573.0,해제
추동,2019-03-11,6.1,7.9,12.9,3.2,2.3,6.0,76.0,74.49,1045.41,70.2,0.9668,15.398,29.316,5.7,0.8,2.5,9.52,,,,35.66004911993451,1130.0,관심
추동,2019-04-01,6.4,7.8,12.3,3.1,2.5,4.3,0.0,74.2,1028.066,69.0,0.0,15.83,29.611,6.1,0.0,8.6,18.98,,,,34.719057107156125,0.0,해제
추동,2019-04-29,9.7,8.3,11.7,2.5,2.5,8.3,0.0,74.4,1040.009,69.8,21.1282,65.849,31.202,11.0,16.6,1.1,7.1,,,,33.33148516120762,1163.0,관심
추동,2019-05-13,12.4,8.3,11.8,3.2,2.7,5.0,0.0,74.01,1016.795,68.2,0.0,10.642,65.464,20.1,0.0,8.0,21.85,,,,15.53212452645729,0.0,해제
추동,2019-05-20,11.5,8.0,11.1,2.6,2.3,4.1,0.0,73.55,989.811,66.4,2.1205,24.496,64.951,17.1,6.0,8.0,24.19,,,,15.239349663592556,0.0,해제
추동,2019-05-27,11.6,7.9,10.6,1.9,4.1,5.7,0.0,73.05,960.966,64.5,15.5104,12.653,59.044,17.9,14.4,0.0,4.12,,,,16.275421719395705,1056.0,관심
추동,2019-06-10,13.7,8.3,11.9,2.9,3.1,5.5,0.0,72.35,921.422,61.8,8.3429,46.272,39.816,18.9,11.1,2.2,18.56,,,,23.142003214788023,886.0,해제
추동,2019-07-08,17.8,8.3,9.2,1.5,2.7,7.1,234.0,70.56,824.697,55.4,0.0,18.465,60.888,24.5,0.6,8.6,23.87,,,,13.54449152542373,101.0,해제
추동,2019-07-15,21.2,8.8,7.5,2.1,3.3,5.8,0.0,70.42,817.395,54.9,15.6161,63.591,39.523,23.8,12.8,2.3,12.99,,,,20.681501910280087,270.0,해제
추동,2019-07-22,21.7,8.3,7.2,2.3,3.2,7.6,84.0,71.85,893.772,60.0,0.055,463.728,31.435,27.9,0.0,8.2,21.55,,,,28.432384285032608,980.0,해제
추동,2019-08-12,23.7,8.3,3.7,2.4,3.0,5.1,28.0,72.59,934.87,62.7,0.4439,21.235,53.828,29.0,1.3,1.7,11.4,,,,17.36772683361819,1499.0,관심
추동,2019-09-02,24.3,9.5,5.4,2.5,3.5,6.8,948.0,72.27,916.965,61.5,14.6374,32.198,45.081,22.6,10.2,0.2,10.34,,,,20.34038730285486,177.0,해제
추동,2019-09-09,24.8,9.1,5.3,2.5,5.8,6.3,982.0,72.73,942.767,63.3,6.2446,129.798,44.907,24.0,12.1,0.0,6.83,,,,20.99376489188768,318.0,해제
추동,2019-09-23,24.2,7.6,7.1,2.7,4.4,5.6,2372.0,74.99,1075.72,72.2,0.274,1044.527,36.744,17.8,0.1,4.2,14.12,,,,29.2760722839103,7539.0,관심
추동,2019-10-07,22.1,7.4,5.7,2.7,3.8,8.2,2654.0,76.92,1197.588,80.4,8.8838,103.491,224.497,15.7,11.8,0.0,3.77,,,,5.33453899161236,214.0,해제
추동,2019-11-11,17.8,8.0,9.5,2.3,3.3,15.3,3382.0,75.63,1115.27,74.9,3.0976,21.32,28.55,11.7,1.3,2.3,6.03,,,,39.06374781085814,2539.0,관심
추동,2019-11-18,16.5,7.8,9.0,2.5,2.8,10.6,3528.0,75.63,1115.27,74.9,17.5771,57.585,28.687,7.7,15.3,2.6,6.74,,,,38.87719175933349,2401.0,관심
추동,2019-12-02,14.1,7.8,9.3,3.9,2.9,9.7,3518.0,75.51,1107.789,74.4,0.1597,14.397,28.802,2.7,0.0,7.3,11.01,,,,38.46222484549684,1358.0,관심
추동,2019-12-23,10.5,7.6,9.7,3.8,1.9,4.9,488.0,75.1,1082.457,72.7,0.0851,15.158,29.367,3.8,0.1,2.9,6.74,,,,36.85963836959853,900.0,해제
추동,2019-12-30,9.6,7.7,9.9,3.2,2.6,6.0,376.0,74.97,1074.498,72.1,2.0788,15.16,29.307,4.2,1.5,0.7,3.84,,,,36.66352748490122,877.0,해제
추동,2020-01-06,8.6,7.7,10.1,3.5,2.3,5.7,592.0,74.85,1067.182,71.6,11.1622,22.475,29.518,2.9,10.3,0.0,1.9,,,,36.15360119249272,1114.0,관심
추동,2020-01-13,8.0,7.7,10.9,3.5,2.4,5.4,612.0,75.65,1116.519,74.9,0.0,57.886,28.969,0.2,0.0,4.2,6.83,,,,38.54185508647174,771.0,해제
추동,2020-01-20,7.4,7.4,10.7,3.2,2.3,5.6,516.0,75.69,1119.021,75.1,0.0,29.33,29.33,3.4,0.0,6.9,11.72,,,,38.1527787248551,556.0,해제
추동,2020-01-28,7.5,7.5,11.1,3.5,2.7,4.5,426.0,75.64,1115.894,74.9,0.1179,22.382,29.615,6.3,0.0,2.0,8.18,,,,37.68002701333784,937.0,해제
추동,2020-02-03,7.3,7.4,10.8,4.5,3.0,3.8,188.0,75.66,1117.144,75.0,0.0,22.569,29.807,1.5,0.0,8.4,13.78,,,,37.479249840641465,160.0,해제
추동,2020-02-17,6.5,7.5,11.3,4.1,5.9,2.9,14.0,75.58,1112.149,74.6,0.5626,29.486,29.486,-3.2,0.7,4.7,9.97,,,,37.71786610594858,666.0,해제
추동,2020-02-24,6.9,7.6,11.6,3.8,3.1,3.2,0.0,75.57,1111.526,74.6,0.0,29.633,29.633,7.4,0.4,9.9,18.12,,,,37.50973576755644,0.0,해제
추동,2020-03-09,7.7,7.6,11.7,2.5,2.3,4.0,0.0,76.09,1144.222,76.8,2.2364,29.681,29.681,10.0,1.6,4.8,11.24,,,,38.55065530137124,691.0,해제
추동,2020-04-20,10.6,7.7,9.8,3.2,3.2,3.3,0.0,73.7,998.563,67.0,0.3031,38.007,44.779,11.0,0.0,3.1,13.08,,,,22.29980571249916,999.0,해제
추동,2020-04-27,10.6,7.7,10.4,2.1,3.4,2.9,0.0,73.48,985.742,66.2,0.0,16.136,49.761,12.1,0.0,9.3,20.92,,,,19.809529551255,53.0,해제
추동,2020-05-11,13.3,7.9,10.1,3.1,3.9,2.6,0.0,73.02,959.251,64.4,0.0,31.012,44.241,18.5,0.0,10.6,27.85,,,,21.682398679957505,101.0,해제
추동,2020-05-18,14.2,7.9,9.5,4.0,3.4,3.0,0.0,72.9,952.41,63.9,20.5794,59.037,45.873,20.2,7.6,8.0,22.43,,,,20.76188607677719,352.0,해제
추동,2020-06-01,15.3,8.0,9.1,4.8,3.0,5.7,0.0,72.54,952.503,62.6,0.4308,12.661,59.159,21.1,0.6,11.6,31.05,,,,16.100728545107255,0.0,해제
추동,2020-06-29,20.1,8.2,7.6,2.8,2.9,5.0,344.0,73.17,967.843,65.0,34.7162,66.525,53.236,22.4,41.5,0.4,10.18,,,,18.180235179202043,1397.0,관심
추동,2020-07-06,21.0,8.4,7.9,2.6,5.0,8.5,236.0,72.39,923.656,62.0,30.6228,49.453,159.721,24.3,0.2,5.0,19.73,,,,5.782933991147062,244.0,해제
추동,2020-07-13,23.3,8.1,6.2,1.4,4.6,7.7,170.0,74.4,1040.009,69.8,86.0751,1824.759,176.664,18.8,117.9,0.0,3.26,,,,5.8869322555812165,844.0,해제
추동,2020-07-20,22.7,7.8,6.1,1.7,13.5,7.5,214.0,75.04,1078.779,72.4,23.6289,169.897,505.661,24.5,20.2,0.2,4.44,,,,2.133403604391084,631.0,해제
추동,2020-07-27,22.8,8.0,5.9,1.6,8.0,7.4,674.0,75.7,1119.647,75.1,3.4418,587.659,791.498,24.4,2.6,0.3,11.05,,,,1.414592329986936,772.0,해제
추동,2020-08-04,21.8,8.0,6.3,0.5,38.7,11.5,0.0,73.61,993.306,66.7,7.7525,420.762,1219.536,27.5,18.5,4.4,17.45,,,,0.814495021057189,628.0,해제
추동,2020-08-11,21.2,8.3,6.6,0.3,82.7,9.6,148.0,75.81,1126.546,75.6,51.1945,2882.408,2999.081,26.0,59.3,0.3,7.34,,,,0.3756304014463097,0.0,해제
추동,2020-08-31,23.3,8.3,6.1,1.0,15.8,10.3,3692.0,72.8,946.7308,63.5,1.0611,246.666,50.867,26.7,0.1,6.2,18.31,,,,18.61188589851967,3421.0,관심
추동,2020-09-08,23.4,7.1,5.9,0.7,23.7,6.0,3980.0,71.91,897.064,60.2,0.1676,792.523,39.896,24.3,0.2,11.0,23.34,,,,22.48506115901344,11333.0,경계
추동,2020-10-12,21.4,8.3,8.6,1.2,10.6,13.1,4798.0,73.7,998.563,67.0,0.0,23.944,30.716,17.1,0.4,5.6,12.18,,,,32.50953900247428,4834.0,관심
추동,2020-11-09,16.8,8.1,8.5,1.8,5.5,11.3,588.0,73.11,985.508,66.1,0.0,14.99,28.534,7.2,0.0,9.2,13.13,,,,34.53802481250438,0.0,해제
추동,2020-12-21,9.0,8.4,10.4,2.9,2.5,5.4,0.0,72.29,938.237,63.0,0.055,11.021,30.756,0.4,0.0,4.2,7.04,,,,30.50582000260112,0.0,해제
추동,2021-01-18,5.0,8.7,11.9,3.6,2.4,4.1,0.0,71.53,895.6574,60.1,1.1927,14.644,33.837,-1.5,3.3,2.3,5.97,,,,26.469763867955194,0.0,해제
추동,2021-02-01,5.1,7.7,12.1,3.2,2.7,4.7,0.0,71.21,878.084,58.93,7.9907,12.932,31.896,7.3,8.1,3.1,7.52,,,,27.52959618760973,804.0,해제
추동,2021-02-15,5.4,7.9,12.9,3.2,1.7,9.7,0.0,70.85,858.567,57.6,1.4491,12.613,31.32,3.0,0.5,4.7,7.48,,,,27.41273946360153,376.0,해제
추동,2021-03-02,5.9,7.9,13.0,2.9,2.7,7.1,0.0,70.58,844.103,56.7,1.872,68.165,31.201,3.0,0.2,2.5,8.27,,,,27.053716227044003,538.0,해제
추동,2021-03-15,7.3,8.0,12.6,2.9,2.7,4.4,0.0,70.82,856.952,57.5,0.055,43.872,31.427,11.8,0.0,8.6,16.61,,,,27.268017946351865,10.0,해제
추동,2021-03-29,7.5,7.8,11.4,2.3,2.6,3.0,0.0,70.71,851.048,57.1,0.0,31.474,31.474,12.2,0.0,7.9,17.36,,,,27.03971532058207,140.0,해제
추동,2021-04-12,10.9,7.9,10.9,3.3,3.1,1.7,0.0,71.11,872.636,58.6,13.3883,31.244,31.244,13.6,15.3,0.0,5.55,,,,27.929714505185,966.0,해제
추동,2021-05-10,13.7,8.3,10.2,2.0,3.5,11.0,0.0,70.3,829.263,55.7,12.0061,27.91,46.224,12.5,11.1,0.5,4.57,,,,17.940096053997927,435.0,해제
추동,2021-05-17,14.7,8.2,9.6,2.0,4.3,8.8,0.0,70.22,825.052,55.4,4.6873,76.376,45.995,16.4,3.3,0.0,5.66,,,,17.93786281117513,299.0,해제
추동,2021-05-24,15.6,8.2,9.2,3.9,3.6,5.3,284.0,70.4,834.544,56.0,0.0,40.287,46.413,20.2,0.0,7.9,22.54,,,,17.98082433800875,124.0,해제
추동,2021-05-31,15.7,8.2,8.8,3.3,1.9,3.1,76.0,70.54,841.973,56.5,7.8036,73.113,48.499,20.7,7.1,5.0,17.04,,,,17.360625992288497,542.0,해제
추동,2021-06-14,19.2,8.6,8.5,2.6,1.9,6.9,0.0,70.4,834.544,56.0,0.0,25.737,62.53,24.9,0.0,4.5,17.98,,,,13.346297777067008,243.0,해제
추동,2021-06-28,21.7,8.6,7.0,2.0,2.3,5.3,48.0,69.62,793.893,53.3,0.6283,18.981,60.613,25.6,0.0,7.8,21.43,,,,13.097734809364328,95.0,해제
추동,2021-07-05,22.3,8.5,6.6,1.8,2.3,7.6,0.0,68.74,749.536,50.3,32.0035,59.953,250.31,22.5,5.6,0.0,9.83,,,,2.9944309056769605,240.0,해제
추동,2021-07-12,24.1,8.4,5.3,1.9,3.8,7.6,212.0,71.97,920.164,61.8,0.2117,135.169,245.991,28.7,0.0,6.1,19.5,,,,3.740640917757153,340.0,해제
추동,2021-07-19,24.5,9.1,6.7,1.0,6.4,37.9,452.0,71.17,875.903,58.8,3.6127,39.169,39.169,26.7,0.0,2.0,15.35,,,,22.362148637953485,0.0,해제
추동,2021-08-02,25.3,9.9,4.8,1.0,6.4,29.0,0.0,70.77,854.266,57.3,24.0507,102.657,53.028,26.0,34.0,1.3,7.89,,,,16.10971562193558,0.0,해제
추동,2021-08-17,26.7,8.8,5.0,1.4,3.2,8.5,944.0,70.84,858.028,57.6,0.9144,26.907,58.086,25.5,0.1,7.4,18.23,,,,14.771683366043453,712.0,해제
추동,2021-08-23,25.8,8.3,4.4,1.5,4.3,6.4,924.0,70.67,848.908,57.0,48.4881,139.555,158.134,22.8,65.0,0.0,2.9,,,,5.368282595773206,1164.0,관심
추동,2021-08-30,25.2,8.0,5.4,1.5,4.3,9.9,2348.0,72.91,973.852,65.4,0.0634,431.387,164.402,22.9,0.1,0.3,6.76,,,,5.923601902653253,847.0,해제
추동,2021-09-06,24.2,8.1,6.3,1.9,4.0,11.1,934.0,73.69,1019.778,68.4,23.6436,109.371,40.416,20.7,32.2,0.1,5.93,,,,25.23203681710214,1594.0,관심
추동,2021-09-27,23.5,8.3,7.5,1.8,2.9,23.0,2768.0,74.552,1071.983,72.0,0.0,35.225,40.915,22.2,0.2,4.3,13.49,,,,26.2002444091409,681.0,해제
추동,2021-10-12,23.0,7.5,6.1,1.2,2.3,12.9,970.0,74.818,1088.4,73.1,4.9582,29.84,31.275,16.2,0.5,0.0,2.68,,,,34.80095923261391,733.0,해제
추동,2021-11-08,18.6,7.6,8.4,4.3,2.6,15.1,44.0,74.54,1071.246,71.9,15.5008,28.975,31.819,10.3,10.3,1.2,3.1,,,,33.66686570916748,809.0,해제
추동,2021-11-22,16.0,7.5,8.9,2.7,2.1,8.1,332.0,74.33,1058.3922,71.0,3.639,18.333,32.456,5.3,3.6,4.7,7.37,,,,32.610062854325854,731.0,해제
추동,2021-12-27,9.0,7.7,10.3,3.2,2.3,4.8,192.0,73.74,1022.7641,68.6,0.0,11.52,32.288,-4.4,0.0,6.4,9.16,,,,31.676291501486624,502.0,해제
추동,2022-01-10,7.5,7.5,10.9,3.2,1.3,4.7,0.0,73.43,1004.3302,67.4,0.0,13.606,32.098,0.7,0.0,5.4,8.6,,,,31.28949467256527,682.0,해제
추동,2022-01-17,6.2,7.3,11.3,3.6,1.5,3.9,24.0,73.26,994.305,66.73,0.055,39.195,32.391,-3.1,0.0,4.1,8.59,,,,30.696952857275168,789.0,해제
추동,2022-02-14,5.3,7.5,12.0,4.5,1.5,3.0,136.0,72.542,952.6173,63.93,0.0663,14.816,32.074,4.1,0.0,7.6,13.23,,,,29.700607969071523,508.0,해제
추동,2022-02-21,4.5,7.5,12.2,3.5,2.0,3.3,112.0,72.35,941.649,63.2,0.0,14.505,32.304,-0.7,0.0,7.1,13.57,,,,29.149609955423475,309.0,해제
추동,2022-03-14,6.5,7.7,12.5,3.7,2.4,2.2,0.0,71.84,912.882,61.27,3.5794,27.393,33.862,11.3,3.2,0.2,2.98,,,,26.958891973303405,589.0,해제
추동,2022-04-25,11.6,8.1,11.2,5.8,1.5,2.4,0.0,71.811,911.2623,61.16,5.7397,19.784,37.237,20.1,6.7,2.3,13.49,,,,24.47195799876467,593.0,해제
추동,2022-05-09,13.4,8.2,10.5,3.9,1.5,3.7,0.0,71.44,890.6938,59.78,1.2445,19.475,51.368,17.3,2.7,9.8,25.98,,,,17.339468151378288,0.0,해제
추동,2022-05-30,15.9,8.8,9.4,5.0,1.2,2.8,0.0,70.148,821.2739,55.12,0.5858,10.734,50.814,21.4,0.0,0.2,11.04,,,,16.162354862833077,308.0,해제
추동,2022-06-07,17.4,8.5,9.6,3.1,1.6,6.1,0.0,69.46,785.7097,52.73,9.7251,10.049,63.253,17.3,0.0,1.6,8.0,,,,12.421698575561631,115.0,해제
추동,2022-06-13,18.6,8.4,9.1,2.7,2.1,5.3,0.0,68.969,760.9254,51.07,0.0,10.269,62.999,23.1,0.0,9.8,25.13,,,,12.078372672582104,0.0,해제
추동,2022-06-27,20.4,8.6,8.3,2.6,1.9,5.8,0.0,68.271,726.5482,48.76,2.1126,42.755,59.617,28.0,3.6,0.4,11.59,,,,12.186929902544575,0.0,해제
추동,2022-07-04,24.3,8.8,7.7,2.3,2.7,5.8,48.0,68.03,714.9123,47.98,2.2919,19.841,35.417,27.6,0.0,4.9,17.32,,,,20.18556907699692,79.0,해제
추동,2022-07-11,24.5,9.3,7.5,1.4,2.8,12.4,52.0,67.815,704.6329,47.29,8.5172,20.956,38.594,25.1,16.3,0.3,9.27,,,,18.257576307198008,0.0,해제
추동,2022-07-18,23.6,8.1,6.8,2.0,2.6,9.0,148.0,67.71,699.6474,46.96,68.643,82.656,38.869,22.3,57.4,0.0,4.3,,,,18.000138928194705,338.0,해제
추동,2022-07-25,24.4,9.2,6.5,2.4,2.5,8.5,494.0,68.4488,735.2096,49.34,0.3917,51.698,35.409,27.2,0.4,8.3,23.38,,,,20.763353949560848,0.0,해제
추동,2022-08-01,25.4,9.0,5.5,2.5,1.9,7.4,880.0,68.2452,725.2968,48.68,4.5771,31.848,57.008,27.6,4.4,3.7,18.0,,,,12.722719618299184,220.0,해제
추동,2022-08-08,27.0,8.0,5.7,1.9,2.7,6.4,788.0,68.0804,717.3358,48.14,0.037,21.536,60.371,28.6,0.0,0.1,7.38,,,,11.882125523844229,0.0,해제
추동,2022-08-16,26.4,7.5,5.3,2.3,2.8,6.6,212.0,71.9708,920.2089,61.76,64.7708,770.059,32.941,25.8,32.9,4.4,13.64,,,,27.935062687835824,11086.0,경계
추동,2022-08-29,25.8,7.4,5.4,2.3,3.6,8.1,778.0,73.73,1022.1664,68.6,2.8297,46.336,124.509,19.6,4.5,0.0,4.19,,,,8.209578424049667,1309.0,관심
추동,2022-09-05,25.4,7.5,6.3,1.9,3.0,17.3,858.0,71.734,906.9701,60.87,38.6906,193.618,786.544,22.6,46.5,0.0,3.94,,,,1.1531078998759128,1932.0,관심
추동,2022-09-13,24.7,7.8,6.6,1.5,6.0,16.6,3944.0,73.58,1013.2252,68.0,0.1265,71.859,85.626,24.5,0.0,0.7,10.85,,,,11.833148809940903,0.0,해제
추동,2022-10-04,23.5,7.6,6.3,2.1,3.8,14.6,836.0,73.34,999.0153,67.05,35.2082,93.514,32.192,20.0,43.5,1.9,9.55,,,,31.033029945328032,1992.0,관심
추동,2022-10-11,21.8,7.7,8.0,2.4,2.7,20.2,796.0,73.3968,1002.3677,67.27,0.1055,25.335,34.363,12.0,0.0,8.5,17.78,,,,29.16997060792131,2084.0,관심
추동,2022-11-28,15.3,7.8,9.0,3.0,2.0,10.2,84.0,72.1796,931.978,62.55,14.4172,26.438,33.25,7.3,30.1,1.4,2.63,,,,28.029413533834585,1270.0,관심
추동,2022-12-12,11.7,7.9,9.9,3.6,2.6,9.4,228.0,71.913,916.9669,61.54,0.0,42.795,40.85,1.6,0.0,4.2,6.82,,,,22.447170134638924,720.0,해제
추동,2023-01-09,6.5,7.5,10.6,3.6,2.2,3.9,0.0,71.1456,874.5733,58.7,0.11,25.561,31.613,1.9,0.0,3.3,6.14,,,,27.664989086768102,439.0,해제
추동,2023-01-16,6.6,7.6,11.3,4.0,2.4,4.4,0.0,71.0636,870.115,58.4,0.0,27.882,31.652,-3.1,0.0,7.7,12.1,,,,27.49004802224188,0.0,해제
추동,2023-01-25,5.1,7.6,11.5,3.8,2.0,4.6,0.0,70.9068,861.6284,57.83,0.0,20.158,31.654,-11.4,0.0,9.3,14.04,,,,27.22020597712769,0.0,해제
추동,2023-05-22,16.8,8.3,10.1,2.8,1.9,10.1,0.0,67.8433,705.9805,47.38,1.2259,16.828,55.877,17.5,5.7,3.4,13.64,,,,12.634545519623458,122.0,해제
추동,2023-06-26,22.6,8.0,6.0,1.5,2.7,10.3,72.0,67.486,689.0879,46.25,54.8108,69.697,55.589,23.8,54.5,0.0,5.04,,,,12.396119735918976,389.0,해제
추동,2023-07-10,24.7,7.9,5.3,1.5,4.9,9.6,164.0,73.0036,979.2967,65.72,13.5878,374.481,470.084,26.5,36.2,8.3,22.11,,,,2.0832376766705525,101.0,해제
추동,2023-07-17,23.0,6.7,4.6,1.0,13.8,6.1,176.0,71.9,916.2386,61.49,25.8966,959.921,2127.229,25.4,30.9,3.8,17.49,,,,0.43071930666609,2572.0,관심
추동,2023-09-18,25.8,7.4,4.3,0.7,9.1,14.0,7752.0,75.4292,1126.6709,75.62,0.5403,167.843,60.646,24.5,2.2,7.4,19.23,,,,18.577827061966165,5386.0,관심
추동,2023-09-21,25.2,7.0,3.7,1.8,18.7,6.4,5942.0,77.316,1249.6345,83.87,6.3737,1224.968,220.086,18.4,3.0,0.0,6.85,,,,5.677937260888925,0.0,해제
추동,2023-09-25,24.8,7.0,3.6,1.5,6.6,6.1,5864.0,77.4476,1258.4823,84.46,1.4729,115.218,218.658,21.4,4.0,2.9,13.23,,,,5.75548253436874,0.0,해제
추동,2023-11-06,20.2,7.0,7.6,2.2,3.2,10.8,520.0,74.7672,1085.2534,72.84,12.2568,25.835,32.426,15.5,11.5,3.1,7.65,,,,33.46861777585888,693.0,해제
추동,2023-11-27,14.7,7.1,8.8,2.5,2.9,9.4,634.0,74.53,1070.6314,71.85,3.3888,25.073,32.181,7.0,3.0,0.8,3.19,,,,33.269053168018395,567.0,해제
추동,2023-12-11,12.6,7.1,9.2,3.5,1.7,4.1,240.0,74.3216,1057.88,71.0,34.4989,40.275,32.09,11.9,37.0,0.0,0.85,,,,32.96603303209723,1665.0,관심
추동,2024-01-22,6.9,7.3,11.8,3.1,1.8,8.6,0.0,75.3336,1120.6344,75.21,0.0,101.193,32.997,-5.4,0.0,1.7,6.36,,,,33.96170560960087,1015.0,관심
추동,2024-02-05,6.2,7.5,12.3,2.8,2.2,9.3,0.0,75.5996,1137.477,76.34,13.4313,55.133,40.712,4.1,12.3,0.0,3.26,,,,27.93960011790136,812.0,해제
추동,2024-02-19,6.5,7.5,12.3,3.0,3.1,8.8,14.0,75.84,1152.8233,77.37,20.1523,129.184,40.056,9.8,16.6,0.0,2.2,,,,28.780290093868587,939.0,해제
추동,2024-03-25,7.4,7.6,12.2,2.1,2.5,6.1,230.0,74.6853,1080.1917,72.5,9.0732,38.321,40.821,9.4,6.8,0.0,5.04,,,,26.461666789152645,947.0,해제
추동,2024-04-15,11.5,7.9,11.1,2.7,1.4,2.7,98.0,73.8739,1030.7873,69.18,10.0376,46.138,41.203,16.2,7.5,0.0,3.29,,,,25.017287576147364,1077.0,관심
추동,2024-04-22,11.7,7.9,10.5,3.0,1.7,3.9,4.0,73.9568,1035.773,69.51,0.0,42.117,33.057,17.4,0.0,6.2,19.42,,,,31.33294007320688,460.0,해제
추동,2024-04-29,12.1,8.0,10.2,2.7,2.1,6.2,0.0,73.916,1033.3175,69.35,2.5029,26.804,33.07,17.2,0.8,0.0,6.96,,,,31.246371333534928,953.0,해제
추동,2024-05-07,12.2,8.0,9.5,3.3,2.5,12.5,88.0,73.7322,1022.2978,68.61,13.6896,73.171,56.507,12.9,14.1,0.0,5.6,,,,18.091524943812274,729.0,해제
추동,2024-07-08,23.7,8.0,6.0,2.1,2.6,10.2,189.0,73.7416,1022.8597,68.65,115.6252,1695.691,149.304,23.9,137.5,0.0,3.05,,,,6.850852622836628,676.0,해제
추동,2024-07-15,23.9,8.6,6.3,0.2,16.7,5.9,803.0,70.309,829.7371,55.69,1.3326,193.933,1448.797,26.6,0.2,7.0,20.76,,,,0.572707632608295,1305.0,관심
추동,2024-07-23,24.4,7.9,5.6,1.8,13.9,12.7,909.0,71.3467,885.5656,59.43,1.0622,239.879,43.218,27.2,3.9,0.0,4.96,,,,20.49066592623444,1111.0,관심
추동,2024-08-05,26.9,9.3,5.9,1.2,5.5,6.4,11809.0,71.8816,915.2085,61.42,11.9,38.177,48.609,27.4,34.3,5.4,15.35,,,,18.827963957291857,10143.0,경계
추동,2024-08-19,26.9,8.8,5.3,1.8,4.3,14.8,8418.0,71.3332,884.8251,59.38,0.0,15.503,48.413,29.9,0.1,9.0,21.04,,,,18.276601326090105,4804.0,관심
추동,2024-09-02,26.6,8.8,5.3,0.9,7.3,13.5,28952.0,70.8602,859.1159,57.66,0.1019,12.853,33.94,24.8,0.0,1.5,8.26,,,,25.312784325279907,25370.0,경계
추동,2024-09-12,27.2,9.1,5.6,0.9,9.3,11.8,28667.0,70.5391,841.9254,56.51,13.1994,25.098,34.892,26.5,4.1,0.0,8.28,,,,24.129468072910694,23491.0,경계
추동,2024-10-07,23.7,7.0,4.6,1.3,5.7,6.6,16506.0,74.2031,1050.6689,70.51,3.8581,26.569,32.052,17.0,2.3,1.0,8.24,,,,32.78013540496693,9814.0,관심
추동,2024-10-10,23.6,7.2,6.3,1.6,5.7,21.2,9544.0,74.1549,1047.7441,70.32,0.037,19.156,32.494,17.7,0.0,5.9,12.93,,,,32.24423278143657,11288.0,경계
추동,2024-10-14,23.0,7.0,6.3,1.7,4.7,22.9,8332.0,74.0859,1043.5653,70.04,6.6849,24.5,32.273,17.7,8.3,0.0,3.57,,,,32.335552938989245,1478.0,관심
추동,2024-10-21,21.9,7.1,7.3,1.7,3.7,29.8,2404.0,74.1988,1050.4078,70.5,2.5733,37.194,32.275,13.9,0.4,0.7,6.66,,,,32.545555383423704,543.0,해제
추동,2024-10-28,20.9,7.0,7.6,2.0,2.9,13.0,2133.0,74.388,1061.9332,71.27,0.3412,33.578,32.093,14.8,0.0,0.4,5.37,,,,33.08924687626585,690.0,해제
추동,2024-11-25,16.7,7.0,8.2,3.5,2.4,10.6,68.0,73.89,1031.7544,69.25,0.2732,15.627,32.117,9.7,0.3,7.5,10.98,,,,32.12486844973068,771.0,해제
추동,2024-12-02,14.8,7.1,8.6,3.0,1.9,9.7,257.0,73.8379,1028.6266,69.04,0.0,22.49,32.281,8.3,0.0,5.1,7.75,,,,31.864768749419166,751.0,해제
추동,2024-12-16,11.8,7.0,9.2,3.3,2.0,6.4,90.0,73.613,1015.1883,68.13,0.3145,21.108,32.065,2.7,0.1,6.8,10.22,,,,31.660324341181976,700.0,해제
추동,2024-12-23,10.3,7.0,9.7,3.5,1.7,7.1,0.0,73.4641,1006.3483,67.54,0.2352,15.405,32.341,-0.4,0.0,4.2,6.87,,,,31.116796017439164,818.0,해제
추동,2024-12-30,9.3,7.2,10.1,2.8,1.8,7.1,140.0,73.3056,996.9883,66.91,0.0,11.619,32.146,6.7,0.0,2.1,5.55,,,,31.01438126049897,932.0,해제
추동,2025-01-06,8.5,7.1,10.4,2.9,1.8,4.8,0.0,73.13,986.6786,66.22,3.4313,12.02,33.032,2.0,1.8,1.2,4.69,,,,29.870386292080408,894.0,해제
추동,2025-02-03,6.0,7.1,11.2,4.1,1.2,5.7,0.0,72.4215,945.7247,63.47,0.1608,20.769,32.994,-1.4,0.2,9.0,15.17,,,,28.663535794386856,423.0,해제
추동,2025-02-10,4.8,7.0,12.1,3.4,1.5,6.7,0.0,72.2438,935.6146,62.79,0.0273,22.634,32.745,-2.6,0.0,5.1,10.56,,,,28.57274698427241,925.0,해제
추동,2025-03-04,5.2,7.2,12.7,2.9,7.7,7.1,0.0,71.8099,911.2009,61.15,3.5201,63.691,32.965,3.4,0.9,0.8,6.16,,,,27.641465190353404,1170.0,관심
추동,2025-03-24,7.2,7.3,12.1,4.5,1.6,1.5,0.0,71.7888,910.0236,61.08,0.0,22.14,35.056,16.6,0.0,8.3,19.25,,,,25.95913966225468,636.0,해제
추동,2025-04-14,8.8,7.8,11.3,2.3,2.3,4.8,0.0,71.347,885.5821,59.44,4.6288,26.864,32.58,5.1,6.2,0.9,9.1,,,,27.18177102516881,929.0,해제
추동,2025-06-02,16.9,8.0,9.4,4.3,1.3,3.4,0.0,70.2249,825.3096,55.39,0.0,19.725,77.684,20.4,0.0,0.0,9.34,,,,10.623932856186602,758.0,해제
추동,2025-06-16,21.7,8.1,8.9,2.4,2.0,7.6,38.0,69.3958,782.4408,52.51,9.7324,151.038,261.574,24.2,26.3,3.8,12.91,,,,2.991278949742711,596.0,해제
추동,2025-07-14,24.9,7.9,4.3,2.4,2.2,5.6,826.0,69.1723,771.1271,51.75,6.8218,20.209,45.835,23.4,20.9,4.0,16.43,,,,16.82397949165485,6841.0,관심
추동,2025-08-04,25.2,7.9,4.7,2.1,4.0,7.8,896.0,72.4774,948.9185,63.69,19.7962,129.492,49.572,28.4,11.4,6.2,20.96,,,,19.14222746711853,4333.0,관심
추동,2025-08-11,26.3,7.8,5.4,2.3,2.9,12.6,4228.0,72.1459,930.0724,62.42,4.9376,53.868,157.308,24.3,2.3,0.3,7.51,,,,5.912429119943042,1109.0,관심
추동,2025-08-25,27.0,7.9,4.0,1.7,2.9,16.0,7460.0,71.6228,900.793,60.46,0.0,15.078,47.895,30.3,0.0,8.6,22.17,,,,18.807662595260464,7059.0,관심
추동,2025-09-01,27.2,7.6,4.4,1.7,3.6,5.7,5412.0,71.3987,888.4215,59.63,21.7629,29.285,37.113,26.8,7.4,5.6,16.24,,,,23.93828308140005,16713.0,경계
추동,2025-09-08,27.1,7.8,4.8,1.6,6.8,8.9,15506.0,71.8292,912.2786,61.23,0.3021,182.35,37.997,22.2,0.0,0.1,7.38,,,,24.009227044240333,14959.0,경계
추동,2025-09-18,26.3,8.0,5.2,1.3,5.8,16.5,26209.0,72.7258,963.1881,64.64,0.6739,114.122,38.276,21.9,0.0,4.3,11.71,,,,25.16428310168252,26294.0,경계
추동,2025-09-25,25.6,7.7,6.3,1.5,6.7,16.9,26287.0,73.652,1017.5112,68.29,17.2494,80.727,65.556,22.2,14.8,0.0,3.67,,,,15.521252059308074,14524.0,경계
추동,2025-09-29,25.2,7.5,5.8,1.7,4.9,17.4,14209.0,73.6409,1016.8497,68.24,0.1676,95.542,32.889,19.9,0.0,4.7,13.08,,,,30.9176229134361,18380.0,경계
추동,2025-10-08,24.1,7.6,7.4,1.2,5.6,27.7,23868.0,74.767,1085.241,72.83,0.4559,277.031,31.326,21.2,1.3,1.7,9.18,,,,34.64345910745068,19052.0,경계
추동,2025-10-14,23.5,7.2,5.4,1.9,4.7,22.3,18134.0,75.3592,1122.249,75.32,14.3592,252.434,170.934,18.3,5.7,0.0,5.48,,,,6.565393660711152,1753.0,관심
추동,2025-10-16,23.5,7.5,7.5,1.6,6.9,21.3,17406.0,75.7111,1144.5801,76.82,29.7864,427.208,223.586,19.4,30.6,0.0,6.6,,,,5.119193956687806,1543.0,관심
추동,2025-12-29,9.4,7.6,10.0,3.2,1.4,5.4,206.0,74.28,1055.3452,70.83,1.7101,21.339,33.252,5.3,1.0,2.6,5.33,,,,31.73779622278359,878.0,해제
추동,2026-01-12,7.5,7.7,10.7,3.0,1.5,2.3,50.0,73.984,1037.4119,69.62,0.3237,17.198,33.182,-1.5,1.3,3.7,6.5,,,,31.264296907962148,702.0,해제
추동,2026-01-19,7.0,7.4,10.7,3.5,1.4,4.8,0.0,73.8281,1028.0388,69.0,0.0273,18.342,33.06,-1.0,0.6,3.9,7.56,,,,31.09615245009074,761.0,해제
추동,2026-02-02,4.8,7.6,11.8,4.0,1.4,3.3,268.0,73.49,1007.8827,67.64,1.2274,13.265,32.482,-1.9,2.4,7.1,11.79,,,,31.028960655132074,424.0,해제
추동,2026-03-03,6.2,7.7,12.2,3.2,2.2,4.1,244.0,72.94,975.5948,65.48,1.2027,19.73,31.173,6.9,0.1,3.6,12.68,,,,31.29614730696436,965.0,해제
추동,2026-03-09,6.2,7.8,12.2,3.5,2.3,4.7,349.0,72.928,974.8973,65.43,0.0923,25.778,31.16,2.8,0.0,3.5,9.35,,,,31.286819640564826,940.0,해제
추동,2026-03-30,8.6,7.9,11.4,3.8,1.5,4.0,98.0,72.509,950.7267,63.81,12.5493,17.416,31.205,12.9,11.3,0.7,6.98,,,,30.467127062970683,1069.0,관심
추동,2026-04-06,9.0,7.7,11.4,3.2,1.7,4.0,0.0,73.15,987.8496,66.3,11.1393,141.906,31.047,10.0,7.3,0.0,4.66,,,,31.817876123296937,1050.0,관심
추동,2026-04-20,12.7,8.1,11.0,3.4,2.0,3.8,0.0,73.801,1026.4146,68.89,0.1555,31.413,73.753,13.3,0.2,2.0,6.48,,,,13.916919989695336,854.0,해제
