유해남조류 세포수 (cells/㎖),7일 전_수온(℃),7일 전_pH,7일 전_DO(㎎/L),7일 전_투명도,7일 전_탁도,7일 전_Chl-a (㎎/㎥),7일 전_평균기온(°C),7일 전_일강수량(mm),7일 전_합계 일조시간(hr),7일 전_합계 일사량(MJ/m2),7일 전_TN(㎎/L),7일 전_TP(㎎/L),7일 전_N_P_비율,7일 전_체류시간_지표,7일 전_유해남조류 세포수 (cells/㎖)
0.0,8.8,8.2,13.3,2.9,1.7,4.5,3.2,6.1,4.1,7.64,1.798,0.009,199.77775558024945,32.911239193083574,0.0
0.0,8.8,8.2,13.3,2.9,1.7,4.5,-1.8,0.0,8.9,12.35,1.403,0.009,155.88887156790318,19.18563583929206,0.0
0.0,8.8,8.2,13.3,2.9,1.7,4.5,1.8,0.0,2.3,5.16,1.501,0.015,100.066659995556,19.036660079051384,0.0
0.0,8.8,8.2,13.3,2.9,1.7,4.5,5.3,0.3,0.0,1.82,1.509,0.007,215.57139777551455,18.829847627683268,0.0
0.0,8.8,8.2,13.3,2.9,1.7,4.5,-0.5,0.0,8.0,13.14,1.615,0.01,161.49998385000163,15.567205580631924,0.0
0.0,8.8,8.2,13.3,2.9,1.7,4.5,-4.5,0.0,9.1,14.99,1.475,0.009,163.8888706790144,14.745541491745842,0.0
0.0,8.8,8.2,13.3,2.9,1.7,4.5,4.8,17.0,0.0,1.33,1.492,0.007,213.1428266938819,15.1303133931374,0.0
48.0,8.8,8.2,13.3,2.9,1.7,4.5,3.0,0.0,6.9,15.66,1.436,0.006,239.33329344445107,16.364513400169187,0.0
0.0,8.8,8.2,13.3,2.9,1.7,4.5,3.8,0.0,10.5,20.08,1.458,0.006,242.99995950000672,19.70801197316961,48.0
0.0,8.8,8.2,13.3,2.9,1.7,4.5,4.4,0.0,9.1,18.79,1.53,0.007,218.57139734694323,14.6282750102923,0.0
0.0,8.8,8.2,13.3,2.9,1.7,4.5,10.3,0.0,9.3,19.06,1.469,0.008,183.6249770468779,14.418337351785182,0.0
0.0,8.8,8.2,13.3,2.9,1.7,4.5,5.3,0.0,11.6,24.63,1.617,0.006,269.4999550833408,14.483592061308704,0.0
0.0,8.8,8.2,13.3,2.9,1.7,4.5,14.8,0.0,10.3,22.87,1.34,0.006,223.3332961111173,26.446095317976216,0.0
0.0,8.8,8.2,13.3,2.9,1.7,4.5,10.4,2.1,0.0,5.41,1.403,0.007,200.42854279592245,12.339631414320738,0.0
0.0,8.8,8.2,13.3,2.9,1.7,4.5,10.8,1.5,0.2,5.43,1.673,0.007,238.9999658571477,10.904379021838665,0.0
0.0,8.8,8.2,13.3,2.9,1.7,4.5,11.5,13.0,0.0,3.63,1.392,0.007,198.8571144489836,10.932019729289925,0.0
0.0,8.8,8.2,13.3,2.9,1.7,4.5,19.3,0.0,12.4,27.61,1.838,0.007,262.57139106122986,21.11074167556548,0.0
0.0,8.8,8.2,13.3,2.9,1.7,4.5,16.4,0.0,11.8,27.61,1.546,0.008,193.24997584375305,8.88858117849623,0.0
28.0,8.8,8.2,13.3,2.9,1.7,4.5,18.2,10.0,5.3,16.62,1.564,0.008,195.49997556250307,8.448082368082368,0.0
28.0,8.8,8.2,13.3,2.9,1.7,4.5,18.7,0.0,5.6,18.34,1.588,0.007,226.85711044898423,8.015442708066121,28.0
0.0,8.8,8.2,13.3,2.9,1.7,4.5,22.3,0.0,13.3,31.86,1.633,0.007,233.28568095918845,7.6700467773836065,28.0
120.0,8.8,8.2,13.3,2.9,1.7,4.5,23.3,0.0,12.5,28.27,1.491,0.007,212.99996957143293,7.753433201537006,0.0
0.0,8.8,8.2,13.3,2.9,1.7,4.5,22.0,0.0,1.3,12.78,1.437,0.007,205.28568495918785,7.568373201314024,120.0
0.0,8.8,8.2,13.3,2.9,1.7,4.5,24.9,0.0,5.1,19.87,1.275,0.009,141.66665092592768,8.253839168870016,0.0
142.0,8.8,8.2,13.3,2.9,1.7,4.5,24.4,0.0,7.1,23.5,1.441,0.011,130.9999880909102,7.791117767116389,0.0
548.0,8.8,8.2,13.3,2.9,1.7,4.5,25.7,0.0,10.1,26.28,1.546,0.014,110.4285635408169,9.952992990934485,142.0
140.0,8.8,8.2,13.3,2.9,1.7,4.5,24.3,0.0,8.5,23.09,1.084,0.016,67.74999576562527,12.872947179008268,548.0
366.0,8.8,8.2,13.3,2.9,1.7,4.5,23.9,4.6,0.1,6.15,0.868,0.014,61.99999557142889,13.362910838410707,140.0
64.0,8.8,8.2,13.3,2.9,1.7,4.5,27.4,0.0,4.2,19.86,0.707,0.019,37.21052435734082,11.630310809571831,366.0
502.0,8.8,8.2,13.3,2.9,1.7,4.5,25.7,4.0,2.3,8.13,0.872,0.016,54.49999659375021,13.35339041888452,64.0
28.0,8.8,8.2,13.3,2.9,1.7,4.5,29.0,0.0,13.0,27.86,0.869,0.023,37.78260705293013,12.392700383565977,502.0
486.0,8.8,8.2,13.3,2.9,1.7,4.5,26.3,0.0,1.6,14.28,0.69,0.025,27.59999889600004,11.891028131799812,28.0
374.0,8.8,8.2,13.3,2.9,1.7,4.5,26.8,0.0,11.2,23.9,0.641,0.022,29.136362311983536,12.135705436747292,486.0
532.0,8.8,8.2,13.3,2.9,1.7,4.5,26.5,0.0,4.3,15.03,0.679,0.022,30.86363496074387,13.380035913255671,374.0
288.0,8.8,8.2,13.3,2.9,1.7,4.5,25.3,0.0,10.0,20.98,0.616,0.027,22.814813969821707,14.84022383483238,532.0
1008.0,8.8,8.2,13.3,2.9,1.7,4.5,22.6,0.0,12.2,26.26,0.576,0.023,25.04347717202273,15.965523914846557,288.0
2294.0,8.8,8.2,13.3,2.9,1.7,4.5,19.9,0.0,11.1,22.54,0.779,0.023,33.86956374480158,17.177192718519635,1008.0
942.0,8.8,8.2,13.3,2.9,1.7,4.5,21.9,0.0,10.6,21.9,0.638,0.022,28.999998681818244,19.416309606081548,2294.0
676.0,8.8,8.2,13.3,2.9,1.7,4.5,21.1,0.0,1.7,11.49,0.629,0.026,24.19230676183436,18.862914862914863,942.0
726.0,8.8,8.2,13.3,2.9,1.7,4.5,17.8,0.0,10.8,19.85,0.717,0.019,37.73684011911368,18.99474121228896,676.0
732.0,8.8,8.2,13.3,2.9,1.7,4.5,13.6,0.7,8.3,16.28,0.763,0.019,40.157892623268815,28.06454424279709,726.0
1358.0,8.8,8.2,13.3,2.9,1.7,4.5,17.1,0.0,8.7,14.34,0.61,0.011,55.4545404132236,27.793822826031644,732.0
410.0,8.8,8.2,13.3,2.9,1.7,4.5,16.9,0.0,7.4,13.75,0.663,0.017,38.999997705882485,27.87751540041068,1358.0
212.0,8.8,8.2,13.3,2.9,1.7,4.5,9.4,0.0,6.8,11.73,0.808,0.011,73.45453877686012,28.05465722994265,410.0
332.0,8.8,8.2,13.3,2.9,1.7,4.5,13.1,1.7,0.7,4.44,0.617,0.004,154.24996143750965,29.016005975564205,212.0
374.0,8.8,8.2,13.3,2.9,1.7,4.5,11.7,26.3,0.1,3.76,0.741,0.013,56.99999561538496,32.977762048015094,332.0
374.0,8.8,8.2,13.3,2.9,1.7,4.5,5.7,8.7,0.0,1.61,0.52,0.011,47.27272297520701,28.61300508165178,374.0
308.0,8.8,8.2,13.3,2.9,1.7,4.5,5.7,8.7,0.0,1.61,0.556,0.01,55.599994440000565,28.61300508165178,374.0
58.0,8.8,8.2,13.3,2.9,1.7,4.5,6.9,0.0,5.3,8.0,0.659,0.01,65.89999341000066,30.292326745446097,308.0
250.0,8.8,8.2,13.3,2.9,1.7,4.5,2.1,0.0,8.7,11.5,0.732,0.021,34.85714119727899,31.312625250501004,58.0
176.0,8.8,8.2,13.3,2.9,1.7,4.5,7.2,9.9,0.0,2.04,0.725,0.009,80.55554660493928,31.14377194794464,250.0
406.0,8.8,8.2,13.3,2.9,1.7,4.5,4.3,1.2,5.1,6.95,0.829,0.012,69.08332757638937,32.22587603914553,176.0
108.0,8.8,8.2,13.3,2.9,1.7,4.5,-3.2,0.0,7.5,11.12,0.576,0.007,82.28570253061392,32.72067573310667,406.0
134.0,8.8,8.2,13.3,2.9,1.7,4.5,-0.6,0.0,4.8,7.72,0.821,0.009,91.22221208642088,32.24918958485831,108.0
26.0,8.8,8.2,13.3,2.9,1.7,4.5,-1.8,0.0,8.7,11.6,0.768,0.008,95.99998800000152,32.58910052910053,134.0
0.0,8.8,8.2,13.3,2.9,1.7,4.5,-3.1,3.5,4.3,6.16,1.069,0.025,42.75999828960006,32.8313021167415,26.0
0.0,8.8,8.2,13.3,2.9,1.7,4.5,-7.8,0.1,7.8,12.09,0.861,0.012,71.74999402083384,31.18414060903331,0.0
0.0,8.8,8.2,13.3,2.9,1.7,4.5,-3.9,0.0,9.3,14.95,1.041,0.012,86.74999277083393,30.528571428571425,0.0
0.0,8.8,8.2,13.3,2.9,1.7,4.5,6.8,0.4,4.1,9.97,1.003,0.04,25.074999373125014,32.50288954901431,0.0
0.0,8.8,8.2,13.3,2.9,1.7,4.5,-3.3,0.0,9.1,17.51,0.936,0.014,66.857138081633,31.001285148820227,0.0
0.0,8.8,8.2,13.3,2.9,1.7,4.5,2.9,0.0,1.6,9.29,0.765,0.017,44.99999735294133,32.59616520758365,0.0
0.0,8.8,8.2,13.3,2.9,1.7,4.5,3.0,0.0,10.6,19.68,0.986,0.014,70.42856639795954,30.92682429677945,0.0
0.0,8.8,8.2,13.3,2.9,1.7,4.5,9.0,0.0,3.2,9.72,0.873,0.01,87.29999127000087,36.44728270186867,0.0
0.0,8.8,8.2,13.3,2.9,1.7,4.5,4.4,0.0,6.0,11.89,1.119,0.009,124.33331951852009,37.92511593290204,0.0
0.0,8.8,8.2,13.3,2.9,1.7,4.5,9.5,0.0,10.3,21.51,0.93,0.006,154.99997416667097,34.771504535502025,0.0
0.0,8.8,8.2,13.3,2.9,1.7,4.5,9.4,0.0,11.6,24.33,1.07,0.013,82.30768597633185,36.4005788870078,0.0
0.0,8.8,8.2,13.3,2.9,1.7,4.5,13.5,0.0,6.8,19.2,1.154,0.022,52.45454307024804,34.181804147584,0.0
0.0,9.1,7.7,12.1,3.2,1.1,4.4,13.2,0.0,11.4,26.86,1.04,0.017,61.17646698961959,34.94513327644194,0.0
0.0,12.1,8.2,11.3,2.0,2.5,5.1,12.3,1.7,9.6,23.73,0.923,0.011,83.90908328099245,36.92709878753773,0.0
0.0,14.7,8.3,11.4,2.7,1.8,4.5,17.7,0.0,11.6,26.84,1.322,0.005,264.3999471200105,38.99208403863387,0.0
0.0,14.4,8.2,11.5,2.2,1.7,6.9,19.8,6.3,8.3,22.04,1.514,0.007,216.2856833877595,19.671944053227136,0.0
0.0,16.1,8.1,12.2,2.4,1.5,8.8,20.0,0.0,2.9,18.29,1.624,0.003,541.333152888949,14.372997344643842,0.0
0.0,17.0,8.4,11.4,4.3,1.4,7.4,15.9,5.2,11.7,29.91,1.25,0.004,312.4999218750195,15.368143601977795,0.0
0.0,19.9,8.2,11.9,4.9,1.2,3.3,23.1,0.0,10.5,26.78,1.402,0.006,233.66662772222867,9.9701426661301,0.0
3898.0,23.8,8.0,7.0,2.7,3.5,10.5,22.1,0.0,8.7,19.62,0.775,0.027,28.70370264060361,30.775921932677896,3862.0
3448.0,22.3,7.6,7.3,2.9,4.0,7.1,12.7,0.0,6.3,13.15,0.897,0.039,22.999999410256425,33.610169491525426,3898.0
860.0,21.4,8.6,6.7,3.3,2.5,6.8,17.6,1.0,6.9,14.43,1.459,0.036,40.52777665200621,34.05221867234646,3448.0
180.0,20.5,7.4,7.2,2.7,2.7,7.0,15.5,0.0,8.9,15.78,1.069,0.051,20.960783902729727,34.106732406356414,860.0
0.0,18.9,7.5,6.5,2.9,2.2,5.7,7.8,0.0,0.0,2.68,1.073,0.05,21.459999570800008,33.984608324213646,180.0
0.0,17.7,7.5,6.9,2.8,2.6,5.9,14.3,2.7,5.2,10.18,1.253,0.011,113.90908055371996,34.106702222222225,0.0
0.0,16.8,7.2,7.5,3.5,2.3,7.8,15.3,0.1,6.7,10.67,1.46,0.007,208.57139877551444,33.63699426036128,0.0
0.0,15.7,7.6,8.6,3.1,2.3,15.2,8.7,0.1,0.0,2.33,1.676,0.009,186.22220153086653,29.6256984984235,0.0
0.0,13.8,7.5,9.5,3.2,2.2,15.9,2.8,0.0,8.0,11.58,1.325,0.005,264.9999470000106,28.73063654403908,0.0
0.0,12.8,7.4,9.0,3.0,1.8,16.6,8.9,0.2,3.7,6.22,1.257,0.012,104.74999127083406,28.823742118926937,0.0
38.0,11.5,7.5,9.4,4.0,1.9,10.3,4.3,0.0,6.5,8.18,1.304,0.005,260.7999478400104,32.50682863462416,0.0
0.0,10.6,8.4,9.4,3.0,2.0,5.5,7.8,1.8,0.9,3.97,1.279,0.011,116.27271670248032,32.024487233151945,38.0
0.0,9.8,8.4,9.4,3.3,2.0,2.4,3.1,10.8,0.0,1.48,1.377,0.009,152.99998300000192,32.22959540809184,0.0
0.0,8.9,8.2,9.2,3.8,1.5,1.6,4.7,0.0,4.5,7.77,1.435,0.028,51.24999816964292,32.21278224263299,0.0
0.0,8.7,8.3,10.1,4.2,1.8,1.8,4.3,0.0,6.4,8.35,1.349,0.01,134.89998651000136,32.692315860262624,0.0
0.0,7.1,7.6,9.8,3.5,1.5,2.0,-3.9,0.0,9.1,13.58,1.331,0.003,443.6665187778271,32.59988637170655,0.0
0.0,6.1,7.6,9.5,3.3,1.5,1.8,-6.5,0.0,8.9,14.14,1.361,0.009,151.22220541975497,32.04265486103791,0.0
0.0,5.9,8.1,10.0,4.5,1.3,1.6,-4.2,0.0,7.9,13.67,1.259,0.011,114.45453504958772,31.328032429061423,0.0
0.0,5.7,8.6,11.2,3.4,2.0,1.6,0.0,0.0,8.7,14.07,1.484,0.016,92.74999420312535,31.453790929784628,0.0
0.0,5.1,7.0,11.0,4.0,1.4,1.9,0.3,0.6,5.7,11.33,1.319,0.01,131.8999868100013,31.061006662248424,0.0
120.0,5.6,7.7,11.4,3.6,3.2,2.1,1.3,15.3,7.0,15.09,1.404,0.003,467.999844000052,31.115316963343417,0.0
0.0,5.9,7.6,11.9,4.3,1.3,2.5,4.2,0.0,10.1,18.64,1.419,0.004,354.74991131252216,32.00923370834218,120.0
0.0,6.1,7.9,11.8,2.1,1.7,2.3,1.8,0.0,10.8,21.82,1.335,0.005,266.9999466000107,32.0828793774319,0.0
0.0,6.3,7.5,12.2,4.3,1.3,2.3,8.0,0.0,9.3,20.41,1.247,0.007,178.1428316938812,31.75044769830401,0.0
36.0,6.5,7.5,12.3,3.9,1.8,2.4,8.6,0.1,2.3,7.39,1.963,0.005,392.59992148001567,31.113484507529854,0.0
130.0,8.1,7.8,12.5,3.5,1.7,2.3,6.4,1.6,5.2,10.9,1.302,0.013,100.15383844970476,30.56171043171625,36.0
0.0,7.8,7.7,12.6,4.6,1.6,1.9,12.0,0.0,11.7,25.31,1.255,0.006,209.1666318055613,27.926878956936,130.0
22.0,10.2,7.7,13.3,5.2,1.2,1.8,15.1,0.0,10.3,25.92,1.336,0.006,222.6666295555617,28.76547262720865,0.0
0.0,11.2,8.0,12.2,3.9,2.2,1.7,13.7,26.8,1.9,3.39,1.312,0.008,163.99997950000258,29.629203481471716,22.0
0.0,12.7,8.2,11.7,5.9,2.0,1.9,15.2,0.0,12.0,29.0,1.245,0.009,138.3333179629647,30.004730713245998,0.0
34.0,14.2,7.7,11.5,2.4,1.2,3.2,18.2,0.0,4.2,16.62,1.279,0.007,182.7142596122486,18.17695957095709,0.0
0.0,16.6,8.2,10.5,3.4,1.6,3.4,16.7,0.0,13.2,31.16,1.37,0.013,105.38460727810715,17.58587054118031,34.0
0.0,17.8,8.8,8.7,4.1,1.5,3.1,21.7,0.0,13.3,30.86,1.296,0.013,99.69230002366923,17.085241497221713,0.0
0.0,18.8,8.3,11.7,3.9,1.5,3.7,24.1,0.0,12.2,28.74,1.239,0.01,123.89998761000123,16.628900673057313,0.0
0.0,20.4,8.9,11.8,2.3,2.0,6.7,22.6,0.0,12.3,29.88,1.309,0.009,145.44442828395242,11.101007663922797,0.0
48.0,21.4,9.0,11.8,1.9,2.4,11.0,22.1,0.0,9.1,25.05,1.204,0.008,150.49998118750236,10.6292194092827,0.0
0.0,22.4,9.2,12.8,1.9,2.7,13.4,26.1,0.0,12.4,28.64,1.217,0.007,173.85711802041172,13.180120782314807,48.0
0.0,23.4,9.3,12.3,2.7,2.3,4.8,23.9,1.8,4.1,15.51,1.233,0.015,82.19999452000037,11.045017531953398,0.0
0.0,25.5,9.0,9.6,1.1,13.2,2.9,25.3,69.9,0.6,8.72,1.05,0.008,131.24998359375206,14.470702260803607,0.0
0.0,26.3,8.9,10.1,0.8,6.0,6.3,25.8,35.0,0.6,7.68,1.127,0.012,93.91665884027844,29.32989345056255,0.0
980.0,26.3,8.5,9.0,1.7,6.4,2.1,25.6,7.1,0.0,8.58,1.027,0.023,44.6521719716447,30.184612153458414,0.0
1960.0,26.6,8.4,8.4,2.8,3.4,2.4,28.8,0.7,0.0,8.75,1.083,0.013,83.30768589940878,26.948200604377156,980.0
2660.0,26.5,8.3,7.2,0.9,3.0,3.7,25.1,29.2,0.0,3.86,1.19,0.021,56.66666396825409,32.59856375982083,1960.0
5224.0,27.8,8.2,5.3,4.5,2.0,4.2,29.4,0.0,11.2,24.26,1.062,0.02,53.09999734500013,25.443602354269125,2660.0
9540.0,27.2,8.3,5.4,2.8,3.4,6.0,22.4,65.0,0.2,6.15,1.122,0.021,53.428568884353865,35.10844797936371,5224.0
918.0,26.9,8.3,5.3,2.5,2.5,5.0,24.7,36.1,0.1,6.86,1.064,0.027,39.407405947873855,4.509515830171238,9540.0
4724.0,26.6,8.4,4.3,1.8,3.6,7.3,24.8,35.2,3.8,12.7,1.381,0.032,43.15624865136723,4.326038389450432,918.0
1242.0,26.3,8.6,5.9,1.8,5.8,8.5,22.4,0.0,8.5,21.18,1.165,0.031,37.58064394901149,24.873576449266487,4724.0
1444.0,25.6,8.1,5.3,2.7,3.3,9.3,20.4,77.0,0.3,6.29,1.106,0.03,36.86666543777783,33.65269008155749,1242.0
1618.0,25.1,7.8,6.8,2.6,2.7,7.6,21.3,0.0,10.8,21.21,0.977,0.018,54.27777476234585,34.52742547071129,1444.0
506.0,24.7,8.1,7.4,2.1,2.8,9.2,23.1,0.0,8.3,18.79,1.102,0.014,78.71428009183714,33.96044650922699,1618.0
392.0,23.5,8.4,10.3,2.0,2.6,15.9,22.3,0.0,5.0,12.58,1.28,0.029,44.13792951248519,35.904006225891585,604.0
1768.0,22.0,7.2,7.0,2.6,2.3,18.5,16.0,0.0,4.4,11.15,1.201,0.021,57.19047346712031,36.14333970247032,392.0
660.0,21.0,8.3,7.4,2.8,2.1,9.0,13.0,0.0,9.8,16.83,1.237,0.025,49.47999802080008,25.42137130954976,1768.0
496.0,19.8,7.5,7.1,4.2,1.7,6.3,7.0,0.0,9.9,16.92,1.215,0.032,37.9687488134766,25.063675586581347,660.0
434.0,18.7,7.8,7.8,4.0,1.7,7.6,9.2,0.0,9.2,14.46,1.22,0.024,50.833331215277866,26.62951885565669,496.0
488.0,17.4,7.8,8.4,3.8,1.3,7.6,7.3,0.0,1.5,6.49,1.165,0.014,83.2142797704086,26.536367939413065,434.0
34.0,15.3,7.8,8.6,2.9,1.5,7.1,3.7,0.0,7.7,11.92,1.273,0.021,60.61904473242643,25.72221070632741,488.0
0.0,13.9,7.6,9.0,3.4,2.1,5.0,3.1,0.0,8.3,11.09,1.179,0.007,168.42854736735038,34.40380371965956,34.0
0.0,12.6,7.9,9.2,3.8,1.7,3.8,2.3,0.0,7.4,11.67,1.237,0.007,176.71426046939138,33.84174767429706,0.0
0.0,10.9,7.7,9.4,3.2,1.7,4.0,-4.2,0.6,2.4,6.19,1.663,0.01,166.29998337000168,33.75824561403509,0.0
0.0,9.1,7.7,9.8,3.0,1.5,5.1,1.0,0.0,7.0,9.51,1.478,0.008,184.7499769062529,33.14289698448666,0.0
0.0,8.4,7.7,10.5,3.4,1.6,5.6,-1.1,0.3,5.5,4.31,1.21,0.009,134.44442950617452,34.1928837583108,0.0
0.0,7.5,7.7,10.5,3.1,2.7,5.7,-1.0,0.0,0.3,2.33,1.191,0.006,198.49996691667215,32.57082734191421,0.0
0.0,6.8,7.5,10.9,3.7,1.7,4.6,1.5,3.6,0.0,1.05,1.345,0.015,89.6666606888893,32.270255116344266,0.0
0.0,6.2,7.6,11.9,3.4,1.9,4.1,5.5,0.0,7.5,6.4,1.224,0.01,122.39998776000122,31.81350729086723,0.0
0.0,6.0,7.2,9.3,3.7,1.7,9.8,3.0,0.8,1.2,6.34,1.309,0.01,130.8999869100013,31.808769408713324,0.0
0.0,5.125,7.525,11.65,5.324999999999999,1.25,3.675,-6.8,0.0,9.2,8.42,1.244,0.017,73.17646628373727,30.20884033613445,0.0
0.0,3.4,7.1,12.3,4.3,1.5,3.3,-8.1,0.0,9.1,8.58,1.151,0.006,191.83330136111644,30.28236576723903,0.0
0.0,3.73,7.279999999999999,12.54,4.359999999999999,1.65,3.63,-4.8,1.4,4.7,6.75,1.334,0.014,95.28570747959232,29.59585369964605,0.0
0.0,5.1,7.6,12.7,4.1,2.5,3.4,6.6,18.6,0.0,4.88,1.549,0.005,309.7999380400124,29.23987634189428,0.0
0.0,5.7,7.8,13.0,3.6,1.4,3.9,8.6,0.0,10.3,20.14,1.132,0.011,102.90908155371986,30.81868000137,0.0
0.0,6.3,8.3,12.6,3.9,2.2,2.5,8.3,22.0,0.0,2.91,1.29,0.015,85.99999426666706,31.521004378763,0.0
0.0,7.3,7.4,12.5,4.2,1.8,2.3,12.4,0.0,10.5,23.01,1.177,0.009,130.7777632469152,32.432431522982704,0.0
0.0,8.8,7.7,12.6,2.6,2.3,2.8,18.3,0.0,10.3,14.24,1.544,0.008,192.99997587500303,32.54913680836144,0.0
0.0,9.2,7.9,12.1,2.7,2.2,2.9,11.9,0.0,10.9,25.58,1.415,0.015,94.33332704444489,34.93752097174686,0.0
0.0,9.7,8.1,12.3,3.0,2.5,2.5,11.6,0.0,10.9,26.77,1.385,0.015,92.3333271777782,27.16262623693114,0.0
0.0,11.9,7.4,11.2,2.4,2.7,4.6,11.4,38.9,0.0,1.07,1.471,0.018,81.72221768209903,18.303943484121973,0.0
0.0,12.7,7.7,10.6,4.5,2.2,3.2,20.3,0.0,9.9,16.7,1.485,0.027,54.99999796296304,10.773805671291614,0.0
0.0,13.6,8.1,10.4,3.1,2.4,5.5,16.5,0.0,7.1,23.37,1.694,0.047,36.04255242462654,10.26267872717829,0.0
68.0,15.2,8.1,10.6,3.2,1.5,4.2,19.6,0.0,8.7,25.33,3.17,0.027,117.40740305898508,10.093828591637852,0.0
164.0,16.1,8.3,11.4,3.4,1.8,11.8,17.5,0.0,10.0,27.26,2.354,0.051,46.15686184006154,16.39352511001812,68.0
0.0,17.7,8.6,12.4,2.4,1.8,16.8,23.0,0.0,10.9,29.34,1.935,0.05,38.69999922600002,16.138652745902963,164.0
96.0,19.0,8.7,13.1,2.7,2.0,16.5,23.5,0.0,7.8,24.41,2.992,0.056,53.42857047448981,11.425895447279617,0.0
76.0,21.6,9.0,12.1,2.8,2.1,19.7,20.4,0.0,1.1,13.74,2.734,0.036,75.94444233487661,10.894346047435503,96.0
0.0,20.8,8.8,11.1,2.8,1.9,17.4,25.7,0.0,10.3,26.28,3.312,0.016,206.9999870625008,10.185466541218014,76.0
840.0,22.7,9.0,11.6,3.1,2.2,11.2,26.6,0.0,5.8,19.9,1.718,0.027,63.62962727297677,9.968096322031869,0.0
832.0,23.7,8.9,12.1,2.2,11.0,9.6,22.8,43.9,0.2,5.7,1.59,0.024,66.24999723958345,4.347062631893684,840.0
866.0,24.2,8.8,9.5,1.8,3.1,8.6,20.5,35.5,0.0,3.94,2.19,0.022,99.54545002066136,5.2424027902479455,832.0
840.0,26.7,8.0,9.8,1.5,3.4,8.0,29.7,0.0,11.5,26.1,1.377,0.026,52.96153642455629,26.176203269692465,866.0
5874.0,26.1,8.5,7.3,2.5,2.7,8.1,30.8,0.0,10.3,24.03,1.4,0.024,58.333330902777874,22.59683428771473,840.0
8036.0,25.8,8.6,7.8,1.5,4.3,9.5,30.5,0.0,10.2,23.95,1.447,0.019,76.15789072853208,22.03603648383329,5874.0
2076.0,27.0,9.1,9.8,1.2,6.8,14.0,30.8,0.0,7.1,20.51,1.55,0.031,49.99999838709683,15.690169380156238,8036.0
7836.0,27.3,9.1,7.0,1.8,4.4,12.5,31.2,0.0,9.1,21.87,1.158,0.03,38.59999871333338,15.140812540918018,2076.0
7060.0,27.3,9.2,7.0,1.5,5.0,11.9,29.4,0.0,7.7,20.17,1.121,0.022,50.95454313842986,14.56909816730176,7836.0
844.0,26.7,9.5,7.3,1.7,4.6,12.9,23.6,53.0,0.0,4.0,1.22,0.025,48.79999804800008,8.753819713309033,7060.0
1886.0,22.6,7.2,6.6,2.7,3.4,8.6,15.5,1.7,5.1,14.3,1.506,0.041,36.73170642117789,37.05771507831793,640.0
880.0,21.9,7.1,6.7,2.3,3.6,10.4,13.8,0.0,8.1,17.41,1.751,0.054,32.425925325445824,5.180151240491931,1886.0
734.0,20.9,7.0,7.2,2.0,3.0,17.6,14.2,0.0,9.0,15.17,1.53,0.025,61.1999975520001,38.07469717362045,880.0
828.0,19.8,7.3,8.2,2.1,2.4,25.2,13.4,0.0,5.8,13.11,1.661,0.029,57.27586009393586,37.7284301276482,734.0
444.0,18.4,7.2,8.3,2.7,2.3,14.6,9.1,0.2,3.2,7.29,1.472,0.024,61.33333077777788,37.85081890186602,828.0
684.0,16.8,7.4,8.4,3.5,1.9,10.2,8.8,0.0,9.3,13.92,1.531,0.014,109.35713504591892,37.86019028542815,684.0
74.0,16.8,7.4,8.4,3.5,1.9,10.2,8.8,0.0,9.3,13.92,1.531,0.014,109.35713504591892,37.86019028542815,684.0
86.0,15.8,7.4,8.8,3.5,1.9,17.4,8.6,0.0,8.4,12.78,1.305,0.02,65.24999673750015,37.78828468612555,74.0
74.0,14.6,7.3,9.1,3.2,2.0,17.5,6.1,0.0,5.7,10.48,1.45,0.026,55.76922862426044,37.59621272630458,86.0
32.0,13.8,7.4,9.6,3.4,2.0,17.9,12.6,10.6,0.0,1.92,1.499,0.021,71.38094898185958,37.447541038191325,74.0
14.0,11.9,7.1,9.5,3.3,1.8,11.8,-2.8,0.0,8.7,11.7,1.44,0.018,79.99999555555581,37.37728295394388,32.0
0.0,10.2,7.1,9.2,3.7,1.5,5.8,3.6,0.1,7.2,10.18,1.386,0.017,81.52940696885841,37.75207886266094,14.0
0.0,9.6,7.1,9.5,4.5,1.3,4.5,-0.9,0.0,8.6,11.51,1.422,0.016,88.87499444531285,37.32973657041996,0.0
0.0,7.0,7.5,11.3,3.3,2.0,5.1,-1.2,0.0,7.9,10.43,1.409,0.009,156.5555381604958,37.56595180640996,0.0
0.0,6.7,7.5,11.5,4.1,1.7,3.2,1.7,0.0,4.5,8.33,1.489,0.009,165.44442606173047,37.40713482571808,0.0
0.0,6.0,7.5,11.1,4.5,1.3,5.2,0.2,0.0,7.4,10.71,1.421,0.009,157.888871345681,36.96824803884946,0.0
0.0,5.6,7.4,10.8,4.7,1.8,3.8,2.3,0.8,8.4,12.31,1.371,0.01,137.09998629000137,36.90554948059048,0.0
0.0,5.5,7.4,11.1,4.1,1.7,4.3,1.8,0.0,7.0,12.59,1.521,0.016,95.06249405859413,36.64397046759639,0.0
0.0,5.0,7.6,12.0,3.9,2.0,5.2,-1.7,0.0,9.7,16.2,1.462,0.022,66.45454243388444,36.47782443920925,0.0
44.0,5.0,7.6,10.4,4.5,1.8,5.3,1.9,0.1,4.3,10.72,1.624,0.015,108.26665944888938,36.204782237403926,0.0
0.0,5.2,7.6,12.7,4.7,3.6,5.7,5.7,0.0,9.7,16.76,1.544,0.026,59.38461310059181,36.32262272571232,44.0
0.0,5.6,7.7,12.4,3.2,2.0,4.6,10.0,0.0,7.3,15.02,1.595,0.022,72.49999670454561,35.651222651222646,0.0
0.0,5.6,7.7,11.7,3.1,1.9,4.6,5.7,0.8,2.5,9.52,1.504,0.025,60.159997593600096,35.53882240957302,0.0
0.0,5.8,7.7,12.1,3.1,1.9,5.4,7.1,0.0,5.9,15.73,1.663,0.036,46.19444316126548,35.264122137404584,0.0
0.0,6.5,7.9,12.8,3.1,1.9,4.0,7.2,0.0,8.4,19.45,1.775,0.043,41.27906880746352,35.06018220611644,0.0
0.0,6.6,7.8,11.9,3.0,2.3,3.7,6.1,0.0,8.6,18.98,1.603,0.024,66.79166388368067,34.60220120494093,0.0
0.0,7.8,7.8,12.3,3.5,1.5,3.6,12.6,0.0,11.1,24.93,1.5,0.095,15.789473518005542,34.478708279737326,0.0
0.0,8.0,7.8,11.6,3.5,1.8,3.5,11.6,0.0,12.3,27.0,1.552,0.047,33.02127589316434,34.99263115197404,0.0
0.0,10.2,8.3,12.7,3.5,2.0,5.4,20.5,0.0,11.5,27.2,1.408,0.068,20.70588204844291,33.54163279903762,0.0
0.0,9.9,8.2,12.1,3.3,2.3,6.4,11.0,16.6,1.1,7.1,1.352,0.054,25.03703657338821,33.22500159734202,0.0
38.0,10.9,8.3,11.9,1.9,2.1,7.6,14.9,0.0,13.1,30.53,1.33,0.04,33.24999916875002,16.265345358488204,0.0
0.0,12.7,8.7,13.3,2.8,2.9,6.5,20.1,0.0,8.0,21.85,1.639,0.034,48.20588093512114,15.508434506741503,38.0
0.0,12.5,8.6,12.4,2.8,2.5,7.2,17.1,6.0,8.0,24.19,1.513,0.073,20.72602711334209,15.21592289126993,0.0
616.0,14.8,8.5,12.9,2.7,3.0,6.8,17.9,14.4,0.0,4.12,1.449,0.038,38.131577943905846,16.247903422156096,0.0
0.0,15.4,8.5,12.3,2.3,2.3,6.3,23.4,0.0,12.5,29.65,1.75,0.036,48.61110976080251,16.312934315745366,616.0
0.0,16.6,8.5,13.0,3.9,2.2,3.6,18.9,11.1,2.2,18.56,1.575,0.041,38.414633209399184,23.084026455556668,0.0
0.0,17.7,8.6,13.0,4.2,1.9,6.4,22.2,0.0,11.6,30.07,1.476,0.023,64.17391025330825,15.894962524584932,0.0
0.0,19.0,8.6,11.9,5.5,1.4,3.9,24.9,0.0,11.9,27.58,1.686,0.028,60.21428356377559,15.335497300920862,0.0
98.0,18.5,8.3,10.1,5.0,1.8,6.2,23.7,0.0,3.6,15.0,1.392,0.021,66.28571112925185,14.629118417424868,0.0
0.0,20.5,8.6,11.1,4.7,2.4,9.6,24.5,0.6,8.6,23.87,1.147,0.025,45.87999816480007,13.522283072079754,98.0
82.0,22.9,8.9,9.4,6.2,2.5,8.0,23.8,12.8,2.3,12.99,1.368,0.029,47.17241216646855,20.62930621103904,0.0
124.0,22.6,8.6,8.5,3.8,2.2,4.2,27.9,0.0,8.2,21.55,1.217,0.024,50.7083312204862,28.34222292690661,82.0
1566.0,25.2,8.4,8.2,1.5,2.9,3.8,28.5,0.0,12.6,26.98,1.146,0.039,29.384614631163725,32.26354797035425,124.0
734.0,26.6,8.3,7.0,4.9,2.0,4.9,30.7,0.0,10.3,24.33,1.11,0.016,69.37499566406278,17.627319472389892,1566.0
3610.0,27.5,8.6,7.0,4.1,2.6,4.8,29.0,1.3,1.7,11.4,1.226,0.022,55.727270194215,17.335521435988724,734.0
2154.0,26.7,8.0,5.3,4.1,3.2,6.2,26.5,0.0,9.9,24.06,0.947,0.03,31.56666561444448,16.93508684127602,3610.0
578.0,27.7,8.6,5.9,4.1,2.6,5.7,25.9,0.0,10.2,22.82,0.887,0.019,46.68420806925221,17.006308333640757,2154.0
510.0,26.7,9.7,5.7,2.6,2.7,5.6,22.6,10.2,0.2,10.34,0.873,0.021,41.571426591836826,20.295367521745867,578.0
980.0,25.9,9.0,5.3,2.2,5.3,5.1,24.0,12.1,0.0,6.83,0.866,0.017,50.94117347404862,20.947119336992024,510.0
530.0,26.3,8.3,5.8,2.6,2.5,5.2,24.5,0.0,9.6,20.63,0.97,0.021,46.19047399092981,21.162156767067383,980.0
486.0,24.4,7.5,6.4,3.5,2.7,5.5,17.8,0.1,4.2,14.12,0.979,0.04,24.474999388125013,29.196612745630222,530.0
760.0,23.3,7.7,5.0,2.9,2.5,5.5,22.1,0.0,10.1,19.86,0.847,0.025,33.879998644800054,18.242627433109824,486.0
954.0,23.2,7.3,4.6,3.2,3.0,4.4,15.7,11.8,0.0,3.77,0.939,0.026,36.11538322633142,5.332163831217692,760.0
338.0,21.8,7.5,6.1,2.3,3.8,11.1,14.6,0.0,7.9,13.38,0.865,0.017,50.88234994809706,40.2881291613482,954.0
368.0,21.0,7.6,6.4,3.3,2.1,13.7,15.5,0.0,7.7,16.28,1.295,0.026,49.80769039201191,17.529879518072292,338.0
342.0,20.0,7.9,9.0,3.4,2.8,26.5,11.9,0.0,8.8,15.67,1.303,0.021,62.04761609297066,39.45816760868048,368.0
398.0,19.4,7.7,9.5,2.4,2.9,38.0,13.6,0.0,9.2,13.59,1.062,0.014,75.85713743877591,38.8451425408248,342.0
134.0,18.0,8.2,10.0,2.5,4.2,45.9,11.7,1.3,2.3,6.03,1.139,0.021,54.23809265532892,38.927399650959856,398.0
406.0,16.8,7.8,8.9,2.8,2.6,13.4,7.7,15.3,2.6,6.74,1.08,0.019,56.84210227146831,38.74214054955361,134.0
696.0,15.7,7.7,8.7,4.2,2.0,7.6,3.6,0.0,0.0,5.64,1.165,0.016,72.81249544921904,38.62918038468203,406.0
656.0,14.3,7.6,8.6,4.8,2.0,5.8,2.7,0.0,7.3,11.01,1.384,0.02,69.19999654000017,38.3291467718497,696.0
524.0,12.6,7.6,8.6,4.7,2.9,6.1,3.3,0.0,7.4,9.6,1.321,0.024,55.041664373263984,39.61281617673514,656.0
832.0,11.8,7.5,8.7,3.6,2.4,5.0,7.9,0.0,8.1,9.77,1.246,0.013,95.84614647337337,36.302374301675975,524.0
782.0,10.8,7.6,8.9,3.1,2.3,4.9,3.8,0.1,2.9,6.74,1.317,0.034,38.735292978373735,36.734550514134455,832.0
770.0,8.9,7.6,9.0,3.5,2.1,5.4,2.9,10.3,0.0,1.9,1.072,0.02,53.599997320000135,36.03153487743939,406.0
508.0,8.4,7.5,9.5,3.5,2.4,5.1,0.2,0.0,4.2,6.83,1.178,0.016,73.62499539843779,38.40926760466476,770.0
334.0,7.7,7.2,9.0,3.1,2.2,3.7,3.4,0.0,6.9,11.72,1.43,0.017,84.11764211072693,38.02313965341488,508.0
332.0,7.7,7.4,9.4,4.2,2.0,2.6,6.3,0.0,2.0,8.18,1.304,0.03,43.46666521777783,37.55322227831062,334.0
48.0,7.4,7.2,9.6,3.2,2.4,4.0,1.5,0.0,8.4,13.78,1.292,0.013,99.38460773964556,37.35393051793894,332.0
68.0,6.8,7.3,10.5,4.1,1.9,4.1,5.1,0.0,9.4,15.16,1.356,0.009,150.66664992592783,37.48351130124296,48.0
0.0,6.9,7.5,10.8,3.9,3.6,4.6,-3.2,0.7,4.7,9.97,1.345,0.014,96.07142170918416,37.590380585412014,68.0
0.0,7.1,7.6,11.2,3.8,2.5,4.0,7.4,0.4,9.9,18.12,1.483,0.014,105.92856386224544,37.383580533414055,0.0
0.0,7.6,7.5,11.4,4.3,2.1,3.8,5.3,0.0,10.2,20.18,1.31,0.027,48.51851672153642,10.727026011832097,0.0
0.0,7.5,7.4,10.6,4.3,1.7,3.1,10.0,1.6,4.8,11.24,1.271,0.015,84.73332768444482,38.421208152849125,0.0
0.0,7.4,7.5,10.9,4.1,2.4,2.9,4.4,0.0,11.3,23.58,1.35,0.015,89.99999400000041,11.289274552562029,0.0
0.0,8.1,7.6,11.3,3.2,2.4,3.1,10.2,0.0,11.6,23.65,1.297,0.012,108.08332432638964,10.848654011906437,0.0
0.0,9.4,7.7,10.8,3.7,2.5,3.5,12.2,0.0,11.5,25.67,1.269,0.011,115.36362587603402,10.478257803211962,0.0
0.0,9.3,7.8,10.7,3.0,1.7,3.5,9.7,0.0,10.7,25.16,1.259,0.01,125.89998741000126,23.830586975748265,0.0
0.0,9.5,7.8,10.8,2.4,2.9,3.7,10.7,0.0,10.2,26.75,1.455,0.009,161.66664870370573,23.54414951877141,0.0
0.0,10.6,7.9,10.6,3.3,2.7,3.5,11.0,0.0,3.1,13.08,1.377,0.013,105.92306877514856,22.25011698121616,0.0
0.0,10.8,7.8,10.8,2.2,3.4,2.9,12.1,0.0,9.3,20.92,1.387,0.01,138.6999861300014,19.769800044122658,0.0
0.0,14.0,7.9,10.7,3.1,3.5,2.7,20.6,0.0,8.6,21.53,1.586,0.013,121.99999061538536,21.09552491954423,0.0
0.0,14.5,7.9,10.2,3.5,4.4,3.8,18.5,0.0,10.6,27.85,1.271,0.011,115.54544404132328,21.633499470016464,0.0
0.0,15.4,8.0,10.3,4.2,3.1,4.7,20.2,7.6,8.0,22.43,1.417,0.014,101.2142784846944,20.71672503425924,0.0
0.0,16.0,8.2,10.4,4.9,3.4,10.1,17.8,0.0,2.8,15.39,1.315,0.009,146.11109487654502,20.412992041299205,0.0
0.0,17.4,8.1,10.0,5.5,3.2,4.5,21.1,0.6,11.6,31.05,1.446,0.022,65.72726973966957,16.073558446818204,0.0
0.0,19.4,8.3,10.0,7.2,1.9,1.8,26.2,0.0,12.8,29.28,1.286,0.032,40.18749874414066,13.92044843738002,0.0
0.0,20.0,8.2,9.7,6.4,2.1,2.2,23.3,0.0,12.4,28.35,1.371,0.017,80.64705407958505,17.691137038915866,0.0
0.0,22.4,8.7,10.0,5.5,2.2,5.3,27.2,0.0,13.4,30.93,1.284,0.016,80.24999498437532,16.305688896271075,0.0
198.0,22.0,8.5,9.6,4.6,2.4,6.0,22.4,41.5,0.4,10.18,1.277,0.027,47.29629454458168,18.146148942552877,0.0
420.0,23.5,8.3,9.4,3.9,2.7,6.6,24.3,0.2,5.0,19.73,1.245,0.04,31.124999221875026,5.779315609337947,198.0
814.0,24.7,8.4,8.5,3.3,2.7,9.7,18.8,117.9,0.0,3.26,1.216,0.017,71.52940755709366,5.883601864633071,420.0
580.0,24.3,8.5,7.0,3.1,4.1,9.8,24.5,20.2,0.2,4.44,1.313,0.034,38.61764592301041,2.1329817838860645,814.0
2392.0,23.6,8.1,5.3,2.9,6.4,9.9,24.4,2.6,0.3,11.05,1.572,0.026,60.46153613609477,1.414413629140043,580.0
5068.0,22.7,8.3,6.8,1.5,14.1,12.9,27.5,18.5,4.4,17.45,1.691,0.05,33.819999323600015,0.8144282392451518,2392.0
8706.0,23.7,9.2,9.3,0.4,28.3,37.7,29.1,0.0,11.3,26.25,1.379,0.034,40.55882233650522,7.95087557163116,9870.0
15276.0,24.1,9.0,8.9,1.2,14.3,15.9,28.5,0.0,11.5,24.02,1.225,0.052,23.557691854659776,3.935932617740865,8706.0
7796.0,24.4,8.4,5.7,0.6,22.9,22.5,26.7,0.1,6.2,18.31,1.339,0.039,34.33333245299148,18.5753683756156,15276.0
9038.0,23.6,6.9,6.6,0.5,17.9,9.7,24.3,0.2,11.0,23.34,1.476,0.045,32.799999271111126,22.428842884288425,7796.0
21174.0,23.6,8.2,6.8,0.8,20.6,14.5,21.9,0.0,10.8,21.57,1.451,0.061,23.78688485595271,24.43207945375543,9038.0
17258.0,23.0,8.9,8.0,0.8,30.4,31.1,18.0,0.0,11.4,19.87,1.559,0.027,57.74073860219487,25.53315400817113,21174.0
31780.0,22.1,8.7,7.6,0.9,16.5,11.5,13.6,0.0,10.6,18.54,1.378,0.03,45.93333180222227,32.09867083659108,22976.0
3966.0,21.3,8.3,7.5,1.3,16.7,10.0,17.1,0.4,5.6,12.18,1.636,0.026,62.92307450295867,32.40404335410176,6604.0
680.0,20.2,7.8,6.8,1.3,7.4,6.3,13.4,0.0,9.7,15.23,1.603,0.021,76.33332969841287,31.9667226131302,2884.0
272.0,19.4,7.8,7.0,1.8,4.4,5.0,11.8,0.0,9.6,13.77,1.65,0.039,42.30769122287971,32.18932101142344,680.0
80.0,18.6,7.7,6.9,2.2,4.4,8.0,11.3,0.0,8.0,13.36,1.52,0.039,38.97435797501646,34.61823689158136,272.0
56.0,17.1,8.2,7.2,2.2,4.6,10.3,7.2,0.0,9.2,13.13,1.472,0.027,54.5185164993142,34.417405881120345,80.0
0.0,16.5,7.7,7.1,1.9,3.9,9.9,11.3,0.0,6.8,9.26,1.386,0.019,72.94736458171765,33.958999305072965,56.0
0.0,15.5,8.0,7.6,1.9,4.7,7.7,3.9,0.0,7.7,10.93,1.41,0.017,82.94117159169578,33.74152293387716,0.0
0.0,13.9,8.3,8.0,2.3,4.0,6.0,1.2,0.0,8.9,11.15,1.467,0.027,54.33333132098773,31.33672148128965,0.0
0.0,12.9,7.6,8.1,2.6,3.4,4.4,2.8,0.0,0.3,3.53,1.621,0.023,70.47825780529314,30.98308975685463,0.0
0.0,11.4,8.0,8.9,2.6,3.0,5.5,-4.7,0.0,8.8,11.16,1.396,0.018,77.55555124691382,30.96115554104782,0.0
0.0,9.9,8.5,9.4,3.4,2.8,3.5,0.4,0.0,4.2,7.04,1.338,0.018,74.33332920370394,30.40695488721804,0.0
0.0,5.9,9.0,11.5,3.9,2.0,5.5,-1.5,3.3,2.3,5.97,1.301,0.007,185.85711630612624,26.391767097857795,0.0
0.0,6.1,8.0,11.6,3.3,1.9,4.6,8.3,0.0,8.3,10.81,1.234,0.021,58.76190196371895,28.770578330419013,0.0
0.0,6.1,8.0,11.6,3.3,1.9,4.6,8.3,0.0,8.3,10.81,1.266,0.02,63.29999683500016,28.770578330419013,0.0
0.0,5.6,7.8,11.6,3.7,2.6,5.1,7.3,8.1,3.1,7.52,1.363,0.017,80.1764658719726,27.44355544443055,0.0
0.0,5.3,7.7,13.2,3.6,2.3,5.8,-1.7,0.0,9.8,15.57,1.309,0.007,186.99997328571808,27.52784994613776,0.0
0.0,5.6,7.8,12.6,3.1,1.4,5.4,3.0,0.5,4.7,7.48,1.283,0.013,98.6923001005923,27.325493316359005,0.0
0.0,5.8,7.8,12.9,2.8,2.0,9.0,11.7,0.0,10.1,14.94,1.262,0.01,126.19998738000126,26.380807358836503,0.0
0.0,5.8,7.8,12.0,3.5,1.8,5.0,3.0,0.2,2.5,8.27,1.245,0.007,177.85711744898322,26.96728539024312,0.0
0.0,6.6,7.9,12.3,3.6,1.8,3.9,8.0,0.0,9.7,18.52,1.213,0.012,101.08332490972292,27.06697064690795,0.0
0.0,6.9,7.8,12.1,2.5,1.6,3.2,11.8,0.0,8.6,16.61,1.216,0.013,93.53845434319582,27.18152694515812,0.0
0.0,8.7,8.0,12.2,2.7,2.2,4.1,7.1,0.0,11.2,20.01,1.231,0.011,111.90908073553814,27.322188838458096,0.0
0.0,10.2,8.0,12.1,2.7,2.2,5.4,12.2,0.0,7.9,17.36,1.215,0.013,93.46153127218992,26.954076138595045,0.0
0.0,9.9,7.9,12.0,3.4,1.8,2.9,11.6,0.0,12.2,25.14,1.229,0.015,81.93332787111149,28.020581349980493,0.0
0.0,12.6,8.0,11.8,2.5,2.4,2.1,13.6,15.3,0.0,5.55,1.183,0.016,73.93749537890655,27.84060745278203,0.0
0.0,11.1,7.7,11.0,3.3,2.5,1.8,13.5,0.0,12.5,25.96,1.078,0.008,134.7499831562521,26.33635512041821,0.0
0.0,14.5,7.9,10.6,4.5,1.9,1.9,17.0,0.0,11.5,24.8,1.15,0.007,164.28569081632986,23.98021898420305,0.0
0.0,13.7,8.1,10.4,4.0,2.0,3.6,15.1,0.0,11.3,26.95,1.234,0.013,94.92306962130236,18.009680376980317,0.0
0.0,13.9,8.2,10.5,1.8,3.0,11.7,12.5,11.1,0.5,4.57,1.241,0.012,103.41665804861184,17.901368621017184,0.0
0.0,16.3,8.3,9.8,3.0,2.4,8.1,16.4,3.3,0.0,5.66,1.253,0.009,139.22220675308816,17.898947825143726,0.0
0.0,17.3,8.4,10.3,4.3,3.0,5.8,20.2,0.0,7.9,22.54,1.333,0.008,166.6249791718776,17.942166706082173,0.0
144.0,17.9,8.6,10.0,3.5,1.9,9.0,20.7,7.1,5.0,17.04,1.431,0.009,158.9999823333353,17.324903804605032,0.0
0.0,19.0,8.8,9.8,2.8,1.7,5.5,23.3,0.0,9.9,21.91,1.366,0.01,136.59998634000138,15.178198678816306,144.0
214.0,21.1,8.7,9.6,2.6,1.7,4.4,24.9,0.0,4.5,17.98,1.215,0.009,134.9999850000017,13.32498802490819,0.0
28.0,22.2,8.8,9.4,3.5,1.5,4.8,24.8,0.0,12.5,26.49,1.27,0.012,105.83332451388962,13.862843997614382,214.0
0.0,23.1,8.5,9.3,2.3,2.5,6.8,25.6,0.0,7.8,21.43,1.222,0.013,93.99999276923133,13.076161612834154,28.0
52.0,23.7,8.8,8.5,2.2,3.6,7.4,22.5,5.6,0.0,9.83,1.172,0.027,43.40740579972571,2.99323509444511,0.0
466.0,24.9,8.7,7.9,2.0,1.9,9.4,28.7,0.0,6.1,19.5,1.14,0.031,36.774192362122825,3.739120894303327,52.0
494.0,25.8,9.2,7.8,1.8,2.4,19.5,26.7,0.0,2.0,15.35,1.053,0.032,32.90624897167972,22.30520257709644,466.0
3714.0,25.8,9.9,6.5,2.8,2.9,5.9,29.9,0.0,13.3,25.86,1.002,0.021,47.71428344217698,19.613894182775205,494.0
7866.0,26.8,10.0,5.9,2.5,2.0,8.4,26.0,34.0,1.3,7.89,0.983,0.028,35.10714160331637,16.07939316368017,3714.0
3040.0,27.1,10.3,5.5,1.1,3.7,14.3,28.1,0.0,12.1,23.87,0.822,0.016,51.3749967890627,15.037610657498924,7866.0
1980.0,27.3,9.2,6.3,1.5,3.3,15.5,25.5,0.1,7.4,18.23,0.922,0.02,46.09999769500012,14.74629635994913,3040.0
3568.0,26.4,9.1,5.6,1.5,3.3,12.4,22.8,65.0,0.0,2.9,1.024,0.019,53.89473400554032,5.364889973077847,1980.0
3044.0,25.6,8.5,3.6,1.6,3.4,9.5,22.9,0.1,0.3,6.76,1.077,0.014,76.92856593367387,5.920000972632552,3568.0
7144.0,24.1,8.3,3.7,1.7,3.8,4.6,20.7,32.2,0.1,5.93,1.0,0.015,66.66666222222253,25.169760094777374,3044.0
1446.0,24.5,7.9,5.1,1.6,2.7,6.8,23.9,0.0,6.7,15.41,1.097,0.017,64.52940796885835,19.26819874415888,7144.0
2914.0,23.7,7.9,5.9,2.1,2.3,8.8,22.2,0.2,4.3,13.49,1.073,0.014,76.64285166836774,26.13636474460563,2056.0
644.0,24.0,8.0,6.7,1.5,1.6,11.0,23.4,0.0,9.7,16.95,1.112,0.015,74.13332839111145,34.19697778894788,2914.0
938.0,23.1,7.5,5.0,2.6,1.7,12.7,16.2,0.5,0.0,2.68,1.248,0.014,89.14285077551067,34.69003984063745,644.0
360.0,21.7,7.4,7.1,2.2,2.9,21.6,9.6,0.0,10.5,16.91,1.173,0.009,130.33331885185348,33.82961240310078,938.0
240.0,20.6,7.3,7.2,3.4,2.1,15.9,10.8,0.0,9.8,15.13,1.162,0.007,165.99997628571765,34.57292759706191,360.0
130.0,19.8,7.4,6.9,3.2,1.3,8.7,13.4,0.0,7.0,10.54,1.339,0.011,121.72726166115804,33.70469589109529,240.0
36.0,18.8,7.5,7.4,2.3,2.1,10.6,10.3,10.3,1.2,3.1,1.354,0.007,193.4285437959223,33.561389767849874,130.0
314.0,17.2,7.4,7.4,3.3,1.8,6.6,10.1,0.0,8.2,10.84,1.205,0.007,172.14283255102393,33.126374650512574,36.0
300.0,16.4,7.4,8.2,2.5,2.2,8.6,5.3,3.6,4.7,7.37,1.173,0.01,117.29998827000118,32.509896793217834,314.0
132.0,14.8,7.5,8.1,2.5,1.5,8.3,6.3,0.0,6.6,9.07,1.226,0.004,306.49992337501914,32.45259806497481,300.0
36.0,13.3,7.5,8.4,4.5,1.4,4.1,4.4,0.0,4.4,6.75,1.222,0.007,174.5714036326566,33.52590448162247,132.0
28.0,12.2,7.3,8.6,3.9,1.8,5.2,-1.6,0.0,8.8,11.29,1.24,0.01,123.99998760000123,32.189509149357065,36.0
84.0,10.8,7.5,8.9,2.4,1.3,5.0,6.7,0.0,3.8,5.55,1.199,0.008,149.87498126562735,31.8428421636958,28.0
0.0,8.4,7.6,9.7,3.7,1.9,4.6,-1.7,0.0,8.5,10.56,1.233,0.009,136.9999847777795,32.41422770726093,0.0
0.0,7.9,7.4,9.5,3.8,1.1,3.5,0.7,0.0,5.4,8.6,1.232,0.009,136.88887367901404,31.19231629293745,0.0
0.0,7.0,7.3,10.0,3.5,1.1,3.4,-3.1,0.0,4.1,8.59,1.219,0.007,174.14283226530966,30.602474531408696,0.0
0.0,6.5,7.2,10.1,4.0,1.1,3.1,4.1,0.0,5.7,10.13,1.288,0.011,117.09089844628195,30.376145656534487,0.0
0.0,5.8,7.6,10.9,3.7,1.5,4.1,-1.7,0.0,9.4,14.7,1.228,0.008,153.4999808125024,30.855944501018328,0.0
0.0,5.4,7.4,11.1,4.1,1.3,3.8,-2.1,0.0,4.1,9.62,1.229,0.008,153.62498079687742,31.69262038774234,0.0
0.0,5.6,7.6,11.2,4.6,1.1,3.6,4.1,0.0,7.6,13.23,1.227,0.008,153.3749808281274,29.608295518120222,0.0
0.0,4.8,7.5,11.7,4.4,1.2,3.9,-0.7,0.0,7.1,13.57,1.273,0.007,181.85711687755472,29.0596531292433,0.0
0.0,5.1,7.5,12.2,3.7,1.4,3.3,6.9,0.0,8.2,14.49,1.207,0.006,201.16663313889447,28.774819210087145,0.0
0.0,6.2,7.6,12.3,3.8,1.2,1.8,4.3,0.0,9.7,17.93,1.194,0.007,170.5714042040851,28.570310801999565,0.0
0.0,7.1,7.6,12.1,3.6,1.9,2.8,11.3,3.2,0.2,2.98,1.16,0.008,144.99998187500225,26.87951239620752,0.0
0.0,7.7,7.6,12.2,3.8,1.4,3.2,5.8,0.0,8.7,17.26,1.233,0.007,176.14283197959543,28.23008622554625,0.0
0.0,7.8,7.7,11.9,3.8,1.1,2.6,7.7,0.0,11.0,23.0,1.143,0.008,142.87498214062725,28.487427144046627,0.0
0.0,8.7,7.8,11.9,5.8,0.9,2.3,10.8,0.0,11.8,24.35,1.172,0.005,234.39995312000931,28.592655314948487,0.0
0.0,9.9,7.8,11.6,5.4,1.1,2.5,20.6,0.0,11.9,24.42,1.166,0.004,291.4999271250182,28.418252229456595,0.0
0.0,10.7,7.8,11.6,4.5,1.9,2.2,15.0,0.0,7.9,19.83,1.227,0.004,306.7499233125192,25.535709331039644,0.0
0.0,12.7,7.9,11.1,5.0,1.2,1.8,20.1,6.7,2.3,13.49,1.155,0.007,164.9999764285748,24.40641454857112,0.0
0.0,12.0,7.9,10.7,4.0,2.1,2.5,13.9,0.0,10.9,25.19,1.161,0.012,96.74999193750068,18.634912309457462,0.0
0.0,12.7,8.3,10.8,3.3,1.5,3.4,17.3,2.7,9.8,25.98,1.21,0.009,134.44442950617452,17.305778347711197,0.0
0.0,15.4,8.3,11.5,4.7,1.4,4.8,16.6,0.0,13.4,29.3,1.209,0.007,172.71426104081985,16.891201245015075,0.0
0.0,16.3,8.5,10.6,5.1,1.4,4.3,22.6,0.0,10.6,25.03,1.145,0.008,143.12498210937724,16.920824329731893,0.0
0.0,17.7,9.2,10.8,4.9,1.1,4.3,21.4,0.0,0.2,11.04,1.2,0.008,149.99998125000235,16.13061044113603,0.0
0.0,19.6,8.7,10.7,3.8,1.5,8.2,17.3,0.0,1.6,8.0,1.218,0.01,121.79998782000122,12.40209145581109,0.0
0.0,20.5,8.9,10.7,2.8,2.3,8.7,23.1,0.0,9.8,25.13,1.19,0.007,169.99997571428918,12.059230732658202,0.0
0.0,22.5,8.8,9.7,2.7,1.5,5.8,26.8,0.0,8.3,24.21,1.206,0.013,92.76922363313663,11.63325100535132,0.0
0.0,24.5,8.7,9.2,2.5,1.7,5.4,28.0,3.6,0.4,11.59,1.192,0.015,79.46666136888925,12.166522095885592,0.0
94.0,25.9,9.7,8.5,2.8,2.0,6.8,27.6,0.0,4.9,17.32,1.067,0.011,96.99999118181898,20.128735535095867,0.0
0.0,25.8,9.2,8.1,2.6,1.9,8.2,25.1,16.3,0.3,9.27,1.076,0.02,53.79999731000014,18.21039179200909,94.0
276.0,27.2,8.0,7.8,2.7,2.4,6.1,22.3,57.4,0.0,4.3,0.956,0.011,86.90908300826518,17.95394800995663,0.0
0.0,26.8,9.1,7.3,3.3,1.7,6.4,27.2,0.4,8.3,23.38,0.968,0.011,87.99999200000073,20.704880452842943,276.0
0.0,28.6,8.8,8.6,3.5,1.4,5.6,27.6,4.4,3.7,18.0,0.843,0.012,70.24999414583382,12.700441269174195,0.0
72.0,29.9,8.7,7.9,3.8,1.5,5.1,28.6,0.0,0.1,7.38,0.848,0.011,77.09090208264527,11.862476228274708,0.0
612.0,27.2,7.7,4.2,3.0,2.3,4.4,27.3,0.0,5.3,17.7,0.908,0.016,56.74999645312523,10.758030831458822,682.0
4060.0,26.4,7.5,3.3,2.7,2.1,6.3,19.6,4.5,0.0,4.19,0.989,0.018,54.94444139197548,8.202990153199208,612.0
4360.0,26.0,7.5,5.9,2.0,2.9,14.3,22.6,46.5,0.0,3.94,1.069,0.02,53.44999732750013,1.15296131413956,4060.0
682.0,24.8,8.1,7.2,1.4,4.6,20.5,24.5,0.0,0.7,10.85,1.165,0.018,64.72221862654342,11.819345356134662,4360.0
932.0,24.3,7.4,4.4,2.9,1.9,5.6,24.5,0.0,8.1,18.7,1.261,0.014,90.07142213775556,25.91704545454545,682.0
636.0,24.0,7.7,6.1,2.5,2.6,14.6,18.7,0.0,3.4,12.82,1.366,0.014,97.57142160204133,25.51229610402829,932.0
472.0,23.8,7.9,8.0,2.5,3.0,19.5,20.0,43.5,1.9,9.55,1.304,0.014,93.1428504897964,30.936928651059084,636.0
468.0,21.9,8.0,8.4,2.2,2.3,29.1,12.0,0.0,8.5,17.78,1.524,0.011,138.5454419504144,29.08532919362795,472.0
360.0,21.7,8.0,8.4,2.4,1.7,19.4,12.4,0.0,8.6,17.65,1.427,0.013,109.76922232544445,29.940009617696564,468.0
868.0,20.1,7.9,8.5,2.8,2.0,11.5,9.7,0.0,8.0,15.58,1.457,0.012,121.41665654861195,31.243780873970863,360.0
222.0,19.5,7.7,8.1,3.9,1.9,7.8,14.1,0.0,8.6,14.59,1.494,0.013,114.92306808284091,29.158846222860216,868.0
22.0,18.1,7.8,8.2,4.4,1.3,7.4,9.6,0.0,6.5,10.89,1.509,0.007,215.57139777551455,30.90194996792816,222.0
72.0,17.6,7.7,8.1,3.7,2.2,8.3,9.5,0.0,1.6,6.15,1.466,0.009,162.88887079012548,30.453604294478524,22.0
46.0,16.5,7.7,8.3,3.4,2.0,9.5,11.7,0.0,8.5,10.93,1.472,0.011,133.8181696528937,29.91372331313644,72.0
0.0,15.3,7.7,8.5,2.7,1.8,9.5,7.3,30.1,1.4,2.63,1.473,0.008,184.1249769843779,27.945367316341827,46.0
148.0,12.9,7.7,9.2,2.9,1.7,9.6,-2.2,0.0,6.2,9.97,1.491,0.009,165.66664825926134,27.497667932589604,0.0
0.0,12.0,7.7,9.0,3.7,1.8,8.3,1.6,0.0,4.2,6.82,1.414,0.01,141.3999858600014,22.39235409035409,148.0
0.0,9.9,7.4,9.5,3.8,1.7,6.4,-5.5,0.0,8.1,10.6,1.399,0.008,174.87497814062775,28.423981687623467,0.0
0.0,7.6,7.3,9.3,3.7,1.6,4.0,-3.0,0.0,8.5,11.46,1.446,0.009,160.66664881481682,27.841697347304823,64.0
0.0,7.0,7.3,9.2,3.4,1.9,2.7,1.9,0.0,3.3,6.14,1.392,0.006,231.9999613333397,27.57775360262353,0.0
0.0,7.0,7.3,9.3,3.9,1.6,3.2,-3.1,0.0,7.7,12.1,1.364,0.005,272.7999454400109,27.403470647518265,0.0
0.0,4.6,7.4,11.0,4.4,1.4,2.5,-0.4,0.0,9.4,14.24,1.388,0.008,173.49997831250272,26.703524779701265,0.0
0.0,5.3,7.4,11.1,4.4,1.3,2.8,2.1,0.0,6.2,11.59,1.457,0.008,182.12497723437787,26.21601341698242,0.0
0.0,5.2,7.4,11.3,4.6,1.4,2.6,6.3,0.0,0.4,6.84,1.369,0.006,228.1666286388952,26.241426503901334,0.0
0.0,5.4,7.4,11.4,4.9,1.0,2.7,-0.1,0.0,7.3,15.94,1.415,0.006,235.83329402778432,25.815575620767493,0.0
0.0,5.6,7.5,11.6,4.7,0.8,2.4,4.4,0.0,10.5,18.96,1.356,0.005,271.19994576001085,25.479576603418533,0.0
0.0,6.0,7.6,11.8,4.8,1.0,2.7,8.3,0.0,10.5,19.25,1.367,0.008,170.8749786406277,25.114230117381208,0.0
0.0,7.1,7.5,11.6,3.4,1.5,3.5,3.5,0.0,10.9,21.29,1.359,0.004,339.7499150625212,24.805723630417003,0.0
0.0,7.0,7.4,11.3,4.8,1.3,2.6,10.6,0.0,10.1,20.84,1.499,0.008,187.374976578128,23.3926589752086,0.0
0.0,8.6,7.9,11.9,4.3,1.5,3.2,7.4,0.0,11.2,23.38,1.403,0.011,127.5454429504143,23.060500030086047,0.0
0.0,11.8,8.0,12.2,3.8,1.5,3.2,16.8,0.0,11.1,23.32,1.41,0.014,100.71427852040868,22.63647355314872,0.0
0.0,11.6,8.0,11.5,3.9,1.5,3.7,12.6,0.0,11.3,23.51,1.33,0.012,110.833324097223,22.211565677588155,0.0
0.0,11.6,8.0,11.6,3.7,1.3,4.5,13.6,0.0,10.8,23.73,1.302,0.013,100.15383844970476,21.376723438767232,0.0
0.0,14.4,8.2,11.2,3.6,1.9,4.1,15.0,0.0,4.1,17.15,1.428,0.005,285.5999428800114,21.868451035355815,0.0
0.0,15.3,8.2,10.8,2.6,2.2,2.3,17.0,0.0,10.2,25.5,1.324,0.011,120.36362542148862,13.001081269619812,0.0
0.0,15.5,8.2,10.6,2.6,2.2,4.6,13.7,0.0,11.2,26.74,1.306,0.006,217.66663038889493,21.10828497558173,0.0
0.0,17.2,8.6,11.1,3.9,1.5,5.0,20.5,0.0,12.7,27.74,1.421,0.01,142.09998579000143,12.94303840087895,0.0
0.0,17.3,8.5,10.7,4.5,1.5,6.7,17.5,5.7,3.4,13.64,1.338,0.011,121.63635257851342,12.611974560980402,0.0
0.0,18.5,8.5,10.2,4.3,1.8,3.8,21.6,0.0,7.0,22.34,1.22,0.019,64.21052293628827,17.69853203587828,0.0
770.0,21.2,8.5,10.2,4.2,2.0,3.7,21.5,0.0,9.4,23.26,1.276,0.011,115.99998945454642,12.672208200310898,0.0
496.0,22.3,8.4,9.3,4.7,1.7,3.8,23.3,0.0,8.6,26.75,1.291,0.011,117.36362569421586,12.154400436406917,770.0
230.0,23.9,8.5,9.2,3.7,3.1,12.8,27.0,0.0,11.2,26.78,1.134,0.016,70.87499557031278,11.785430012945197,496.0
240.0,25.9,8.6,9.3,3.0,2.6,10.4,23.8,54.5,0.0,5.04,1.186,0.013,91.2307622130183,12.373860187828836,230.0
82.0,25.4,8.2,6.7,3.0,2.0,4.4,28.4,0.0,6.4,21.03,1.203,0.006,200.4999665833389,25.23690780753937,240.0
232.0,25.4,7.7,5.5,2.0,4.8,5.6,26.5,36.2,8.3,22.11,1.155,0.023,50.217389120983086,2.0827946080683306,82.0
7324.0,26.0,8.3,8.8,1.0,9.9,20.5,27.8,0.0,9.1,21.85,1.258,0.021,59.904759052154326,20.534042407034253,4898.0
16068.0,27.0,8.7,9.7,1.2,8.9,17.8,29.7,0.0,8.3,22.87,1.22,0.023,53.04347595463148,19.123304488682383,7324.0
29712.0,26.7,8.4,9.3,1.0,8.8,29.3,28.1,0.0,9.2,23.99,1.013,0.034,29.794116770761267,4.854037173867946,16068.0
30068.0,27.4,8.8,8.5,0.5,18.9,47.0,29.2,0.0,8.0,19.76,1.038,0.029,35.79310221403096,22.02242618576225,29712.0
18948.0,26.2,8.4,7.1,0.6,23.1,60.7,26.1,0.0,1.1,11.02,1.171,0.038,30.815788662742406,23.833191627755703,73584.0
51248.0,26.9,8.4,7.0,0.3,33.3,59.4,27.4,0.0,2.6,15.27,0.887,0.03,29.566665681111147,34.83163316900518,94208.0
42000.0,26.3,8.4,5.8,0.4,19.4,28.7,25.2,0.0,6.6,16.71,0.861,0.052,16.557691989275156,16.928878336637318,56024.0
8148.0,26.3,8.1,5.4,0.5,18.5,28.7,24.5,2.2,7.4,19.23,1.171,0.032,36.59374885644535,18.547244262996745,42000.0
6872.0,25.1,7.5,4.0,1.4,9.8,10.7,21.4,4.0,2.9,13.23,1.168,0.025,46.71999813120007,5.752851552857496,7542.0
5344.0,24.1,7.1,5.0,1.7,7.0,9.9,17.8,0.0,8.2,17.26,1.155,0.026,44.42307521449711,5.357853450952459,6872.0
6592.0,23.1,7.4,6.2,1.7,5.3,13.5,16.5,0.0,9.4,17.68,1.188,0.028,42.42856991326536,36.74189157631359,5344.0
3370.0,22.3,7.3,6.9,1.5,7.1,15.1,14.7,0.0,8.9,15.47,1.131,0.017,66.5294078512113,36.46676046080509,6592.0
4498.0,21.2,7.4,6.7,2.3,3.8,13.2,13.7,0.0,7.3,12.92,1.283,0.015,85.53332763111149,35.97999344906649,3370.0
3040.0,20.7,7.1,7.2,1.5,5.0,18.7,14.1,0.0,9.6,14.52,1.244,0.015,82.93332780444482,33.627814059515735,4498.0
3360.0,20.3,7.2,7.2,1.7,3.6,11.4,15.5,11.5,3.1,7.65,1.32,0.011,119.9999890909101,33.36571973190678,3040.0
914.0,18.0,7.1,7.7,1.8,5.5,11.6,2.4,0.0,9.4,13.97,1.272,0.015,84.79999434666705,33.78916708291708,3360.0
896.0,16.5,7.1,7.7,3.0,2.5,9.2,6.0,0.0,9.2,12.87,1.383,0.023,60.13043216824208,33.427380472216186,914.0
360.0,15.2,7.0,7.9,2.7,2.4,8.9,7.0,3.0,0.8,3.19,1.565,0.013,120.38460612426108,33.165992379418235,896.0
0.0,13.3,7.2,8.9,3.5,2.5,4.6,2.3,0.0,8.7,11.41,1.332,0.013,102.46153057988228,33.02459240396261,360.0
0.0,13.2,7.1,8.6,3.1,1.7,4.3,11.9,37.0,0.0,0.85,1.645,0.018,91.38888381172868,32.863622242932585,0.0
160.0,11.5,7.0,9.0,2.8,2.3,3.6,-5.6,0.0,5.8,8.85,1.361,0.014,97.21427877040864,4.907535998670684,0.0
0.0,9.1,7.1,10.4,3.5,1.8,5.0,4.0,0.0,0.0,2.9,1.343,0.014,95.9285645765311,33.773036392598954,0.0
0.0,8.3,7.4,10.1,4.0,1.9,5.9,-3.8,0.0,8.7,11.94,1.218,0.013,93.69230048520768,34.12438745204802,0.0
0.0,7.6,7.2,10.2,3.4,2.2,5.5,-2.1,0.0,9.0,12.61,1.314,0.017,77.2941131003463,33.65832161418526,0.0
0.0,7.1,7.2,11.1,2.4,1.9,6.6,-5.4,0.0,1.7,6.36,1.406,0.021,66.95237776417248,33.85909296915128,0.0
44.0,6.6,7.4,10.8,3.0,2.2,4.3,1.3,0.0,9.2,13.5,1.316,0.01,131.59998684000132,34.53317639196865,0.0
0.0,6.4,7.3,11.4,2.5,2.2,7.7,4.1,12.3,0.0,3.26,1.492,0.023,64.86956239697555,27.871140840929137,44.0
0.0,6.3,7.1,11.8,4.0,2.3,6.4,8.4,0.0,8.4,14.96,1.419,0.009,157.66664914815013,35.46128942053751,0.0
0.0,6.7,7.4,11.7,2.6,2.5,9.7,9.8,16.6,0.0,2.2,1.395,0.01,139.4999860500014,28.708618886343263,0.0
0.0,6.5,7.3,11.7,2.6,2.3,8.8,3.7,0.0,7.3,15.85,1.36,0.009,151.11109432098957,8.52130510778792,0.0
0.0,6.3,7.4,12.3,1.8,2.4,12.0,6.7,0.0,5.7,13.26,1.38,0.011,125.45453404958782,7.348942176487525,0.0
0.0,6.5,7.6,12.5,2.4,2.1,10.1,6.4,0.0,4.4,11.04,1.467,0.011,133.36362423967054,6.931223277389307,0.0
0.0,6.9,7.9,12.2,2.4,2.2,7.5,7.9,0.0,10.2,21.43,1.382,0.009,153.55553849382906,26.395634824079032,0.0
30.0,8.1,7.8,12.6,3.0,2.4,7.9,9.4,6.8,0.0,5.04,1.426,0.008,178.24997771875277,26.397001539551823,0.0
118.0,8.4,7.8,12.0,3.5,1.7,5.8,13.1,0.0,11.6,23.63,1.466,0.009,162.88887079012548,9.500160800892186,30.0
14.0,10.0,8.0,12.2,2.7,1.6,5.3,16.5,0.0,5.6,16.25,1.572,0.009,174.66664725926145,4.525118802798224,118.0
0.0,11.7,8.4,12.0,3.5,1.8,5.6,16.2,7.5,0.0,3.29,1.516,0.016,94.74999407812535,24.95671742972665,14.0
0.0,12.2,8.0,11.5,3.5,1.8,5.8,17.4,0.0,6.2,19.42,1.606,0.011,145.99998672727395,31.23844135476671,0.0
0.0,13.1,8.2,11.2,3.0,2.1,8.5,17.2,0.8,0.0,6.96,1.774,0.021,84.47618645351493,31.15217063611697,0.0
228.0,12.8,8.0,9.7,4.2,1.9,5.4,12.9,14.1,0.0,5.6,1.664,0.034,48.9411750311419,18.059565071457595,0.0
345.0,13.9,8.2,10.7,3.8,1.5,10.4,17.6,0.0,13.4,29.96,1.676,0.013,128.92306700591791,17.30852096010818,228.0
52.0,15.3,8.4,10.8,4.5,1.4,8.2,19.3,0.0,4.7,19.61,1.608,0.006,267.9999553333408,17.265805267005558,345.0
566.0,16.8,8.3,10.0,4.0,1.3,5.4,18.5,0.0,10.9,24.38,1.685,0.011,153.18180425619963,15.192408217845855,52.0
347.0,18.5,8.5,10.2,3.6,1.6,4.0,20.8,0.0,12.8,29.53,1.568,0.034,46.11764570242219,6.889444107726362,566.0
705.0,21.3,8.6,10.2,3.0,1.4,5.8,24.7,0.0,10.8,27.56,1.711,0.015,114.06665906222274,6.387886895913852,347.0
433.0,23.4,8.9,11.0,2.4,1.9,7.6,23.4,0.0,7.5,20.53,1.423,0.031,45.903224325702446,5.867650545360627,705.0
610.0,23.8,8.7,9.3,2.3,2.3,7.3,25.3,0.0,8.1,24.9,1.365,0.038,35.92105168628812,14.329134383498385,433.0
830.0,24.6,8.9,8.1,1.7,3.2,8.3,26.2,0.0,8.7,24.37,1.339,0.038,35.236841177977865,19.425279527650574,610.0
1933.0,24.3,8.3,6.6,0.3,14.3,7.0,26.6,0.2,7.0,20.76,1.122,0.031,36.193547219562994,0.5726681054622931,461.0
3284.0,25.4,7.7,6.5,1.2,14.5,13.9,27.2,3.9,0.0,4.96,1.21,0.028,43.21428417091842,20.44336303615125,1933.0
43992.0,26.4,8.8,6.4,1.3,6.2,8.7,28.6,0.0,5.6,18.2,1.149,0.047,24.446807990493447,21.167924397513804,3284.0
38105.0,27.8,9.4,7.9,1.3,6.9,12.3,27.4,34.3,5.4,15.35,1.296,0.031,41.80645026430806,18.78930998378123,43992.0
29240.0,28.0,9.8,7.9,1.0,5.9,11.4,30.5,0.0,11.1,24.7,1.159,0.057,20.333332976608197,15.75477954636587,38105.0
38407.0,27.7,9.0,5.6,0.8,5.9,7.2,29.9,0.1,9.0,21.04,1.101,0.045,24.466666122962977,18.238927710098324,42552.0
22003.0,27.6,8.9,4.8,1.1,5.7,10.8,27.9,0.0,2.6,13.01,1.095,0.031,35.32257950572324,20.46905056639028,22472.0
28860.0,27.3,9.0,4.9,1.2,4.5,9.9,24.8,0.0,1.5,8.26,1.055,0.038,27.76315716412744,25.238422444183318,22385.0
12675.0,27.4,8.9,4.2,1.3,4.2,9.0,29.0,0.0,6.5,18.6,1.051,0.044,23.88636309349175,26.490407914096984,19328.0
11994.0,28.6,9.1,5.2,1.4,5.3,8.3,28.5,0.0,4.9,16.45,0.802,0.049,16.36734660474803,25.06297147290523,22266.0
17586.0,26.7,8.1,3.7,1.3,5.0,6.7,21.0,0.0,11.3,22.27,1.038,0.019,54.63157607202232,31.1756866276452,11994.0
10568.0,25.9,7.8,4.6,1.7,3.4,6.4,21.0,0.0,11.0,19.94,1.017,0.04,25.42499936437501,30.588397886301607,16302.0
12482.0,24.0,6.9,5.2,2.2,4.9,1.9,17.0,2.3,1.0,8.24,1.143,0.03,38.099998730000046,32.678181761632246,12039.0
5709.0,23.1,7.1,6.0,2.7,2.4,9.5,17.7,8.3,0.0,3.57,1.205,0.029,41.55172270511301,32.23566861273283,8977.0
597.0,22.0,7.0,6.0,2.8,2.4,8.4,13.9,0.4,0.7,6.66,1.212,0.027,44.88888722633751,32.44502857142857,2944.0
158.0,21.1,7.0,6.8,2.6,2.9,7.5,14.8,0.0,0.4,5.37,1.349,0.031,43.51612762851201,32.98646289566054,597.0
162.0,20.5,6.9,6.4,2.3,1.9,11.8,14.5,0.0,4.6,9.85,1.371,0.023,59.60869306049161,32.84242697047775,158.0
755.0,19.3,7.5,7.4,2.8,1.8,6.9,13.3,0.0,9.1,12.95,1.325,0.025,52.99999788000008,32.700616112269344,162.0
115.0,18.2,6.8,7.0,3.6,2.9,15.6,2.6,0.0,9.2,13.99,1.151,0.019,60.57894418005557,32.74776128788832,755.0
0.0,16.9,6.8,6.4,3.3,1.4,6.9,9.7,0.3,7.5,10.98,1.282,0.024,53.41666444097232,32.02515442157867,115.0
0.0,15.5,6.9,7.0,4.0,1.5,6.1,8.3,0.0,5.1,7.75,1.452,0.014,103.71427830612298,31.766362990642666,0.0
0.0,13.7,6.9,8.1,4.2,1.8,7.9,2.0,0.0,5.7,8.68,1.414,0.017,83.176465695502,31.50182008561485,0.0
0.0,12.3,6.9,8.2,3.8,1.7,5.6,2.7,0.1,6.8,10.22,1.478,0.014,105.57142103061278,31.561893362350386,0.0
0.0,9.0,7.1,9.0,2.6,3.5,4.2,2.0,1.8,1.2,4.69,1.4,0.015,93.33332711111152,29.780230592780395,130.0
0.0,7.8,6.9,9.3,2.7,2.6,4.2,1.1,0.0,7.8,11.61,1.379,0.012,114.91665709027858,29.23101889278122,0.0
0.0,7.3,6.8,9.5,3.0,2.6,4.9,2.8,0.0,3.0,7.09,1.435,0.018,79.72221779321013,29.01828916531458,0.0
0.0,6.4,6.8,10.2,3.5,1.6,4.2,-1.4,0.2,9.0,15.17,1.311,0.012,109.24999089583407,28.576923309361213,0.0
0.0,5.4,6.8,11.1,4.7,1.5,5.6,-2.6,0.0,5.1,10.56,1.313,0.007,187.571401775514,28.48575430050236,0.0
0.0,5.6,6.7,11.5,3.6,1.3,6.1,1.3,0.0,10.0,17.69,1.385,0.006,230.8332948611175,27.931652787834903,0.0
0.0,5.1,6.9,12.2,2.5,1.4,6.3,-0.7,0.0,10.3,19.21,1.491,0.034,43.85293988667824,27.99641317310338,0.0
0.0,5.3,7.1,12.0,3.1,2.0,6.8,3.4,0.9,0.8,6.16,1.439,0.015,95.93332693777822,27.557867836080444,0.0
0.0,6.2,7.0,12.3,3.8,1.4,2.4,8.2,0.0,10.8,17.64,1.297,0.006,216.16663063889487,27.687614167294647,0.0
0.0,7.1,7.4,12.3,3.8,1.1,4.9,3.8,0.0,11.1,21.51,1.309,0.011,118.99998918181916,27.700973633284956,0.0
36.0,10.3,7.1,11.8,2.3,1.5,2.1,16.6,0.0,8.3,19.25,1.288,0.016,80.49999496875031,25.8852998065764,0.0
0.0,8.4,7.0,11.6,3.8,2.1,2.7,8.1,0.0,8.8,21.06,1.453,0.011,132.09089708264574,27.017937595357047,36.0
0.0,10.3,7.2,11.9,3.0,1.4,1.8,15.6,0.0,10.4,23.97,1.257,0.01,125.69998743000124,27.0618213235517,0.0
54.0,11.0,8.1,11.5,2.3,1.8,6.8,5.1,6.2,0.9,9.1,1.254,0.008,156.74998040625246,27.09859547123623,0.0
0.0,12.6,8.2,11.2,3.0,1.4,3.3,21.5,0.0,8.1,23.31,1.246,0.01,124.59998754000124,27.443399174896857,54.0
0.0,12.7,8.0,11.1,3.0,1.4,3.2,15.3,0.0,12.7,28.33,1.321,0.01,132.0999867900013,26.182613908872906,0.0
0.0,14.4,8.0,10.6,3.0,2.0,2.6,14.7,0.0,10.6,26.59,1.21,0.011,109.99999000000092,15.03730353080116,0.0
0.0,14.7,7.9,10.3,3.7,2.1,3.2,17.7,0.0,13.0,28.78,1.389,0.01,138.8999861100014,15.13502727432694,0.0
72.0,15.3,8.3,10.1,3.5,1.7,3.3,18.8,0.0,4.3,15.54,1.291,0.016,80.68749495703156,14.614421008047438,0.0
56.0,17.0,8.2,10.0,5.7,1.2,3.2,19.7,0.0,1.0750000000000002,10.89,1.287,0.006,214.49996425000592,14.397518114715242,72.0
67.0,19.1,8.4,10.2,5.5,1.2,3.2,20.4,0.0,0.0,9.34,1.205,0.01,120.4999879500012,10.610274606602902,56.0
111.0,22.1,8.5,9.8,2.5,1.2,4.9,25.5,0.0,9.9,26.19,1.282,0.012,106.8333244305563,10.11275489906703,67.0
90.0,23.3,8.6,9.7,3.6,1.2,6.3,24.2,26.3,3.8,12.91,1.19,0.021,56.66666396825409,2.99013581784969,111.0
118.0,25.5,8.1,8.3,1.8,4.2,5.7,25.1,0.0,13.5,29.0,1.236,0.035,35.31428470530615,3.2162941954701374,90.0
759.0,25.1,7.9,7.0,2.2,1.9,4.7,29.1,0.0,11.7,28.75,1.079,0.01,107.89998921000108,10.427598411262732,118.0
569.0,26.0,8.0,5.6,3.3,1.7,6.8,30.0,0.0,8.6,24.07,0.94,0.017,55.294114394463854,17.100147179775767,759.0
9948.0,26.0,8.1,5.3,3.4,2.2,4.7,23.4,20.9,4.0,16.43,1.182,0.021,56.2857116054423,16.787353869598345,569.0
3096.0,24.7,7.9,5.1,2.4,5.4,7.6,28.4,0.0,9.1,23.59,1.135,0.031,36.6129020447451,21.480133715377267,9948.0
17585.0,26.9,7.8,4.5,2.9,3.3,3.8,30.9,0.0,8.375,20.76,1.137,0.042,27.07142792687076,3.997594199852896,3096.0
11129.0,26.9,8.5,5.6,1.1,4.2,20.0,28.4,11.4,6.2,20.96,1.262,0.036,35.055554581790155,19.103690207762924,17585.0
9922.0,27.6,8.1,4.9,1.2,3.7,15.8,24.3,2.3,0.3,7.51,1.307,0.02,65.34999673250016,5.908673002642814,11129.0
28737.0,28.3,8.0,3.8,1.3,3.9,9.1,29.2,0.0,8.6,22.31,1.065,0.027,39.44444298353915,18.52532755492844,11661.0
12484.0,28.9,7.9,3.7,2.3,4.9,10.1,30.3,0.0,8.6,22.17,1.265,0.026,48.65384428254445,18.768475882904468,22641.0
7885.0,28.9,8.1,3.7,1.6,5.7,7.4,26.8,7.4,5.6,16.24,1.297,0.022,58.95454277479351,23.873955338188267,8565.0
14821.0,27.9,8.2,3.4,2.0,4.3,4.3,22.2,0.0,0.1,7.38,1.216,0.024,50.66666455555564,23.946205737984616,6920.0
12733.0,27.8,8.5,5.1,2.0,5.1,6.6,25.3,0.0,2.4,13.39,1.182,0.021,56.2857116054423,24.79418497807881,14821.0
11498.0,26.2,7.7,5.5,2.0,4.7,4.3,21.2,0.0,2.1,12.18,1.193,0.017,70.17646646020786,27.80276651496345,12733.0
9946.0,25.7,7.5,6.2,2.7,3.4,4.8,19.9,0.0,4.7,13.08,1.18,0.02,58.99999705000015,30.823901906696168,8407.0
7472.0,22.8,7.3,6.4,2.0,2.6,11.7,11.5,0.0,9.7,15.82,1.207,0.015,80.46666130222259,5.309379515280391,10083.0
9342.0,21.2,7.1,7.0,2.4,3.1,22.1,9.5,0.0,9.9,16.69,1.067,0.014,76.21428027040855,34.2145735184726,7472.0
7664.0,19.5,7.4,8.1,2.0,3.5,21.0,7.0,0.0,9.7,14.94,1.312,0.017,77.17646604844317,34.081553577478665,9342.0
2473.0,18.7,7.5,8.6,2.1,3.0,28.1,8.9,0.0,9.6,14.54,1.287,0.015,85.79999428000038,33.17436067152055,7664.0
1108.0,17.4,7.5,8.0,2.8,1.7,13.3,5.6,0.0,8.3,11.08,1.25,0.012,104.16665798611184,33.4043790949261,2473.0
169.0,16.2,7.5,8.0,4.1,1.1,9.3,12.0,0.0,6.5,9.68,1.404,0.012,116.9999902500008,33.11549265801234,1108.0
110.0,15.1,7.7,9.0,3.6,1.2,9.8,7.9,0.0,8.6,11.82,1.485,0.016,92.81249419921912,32.56860590778098,169.0
175.0,13.4,7.5,8.8,3.6,1.3,9.0,4.9,0.0,8.6,11.61,1.234,0.013,94.92306962130236,33.05458954994781,110.0
55.0,12.1,7.7,9.5,3.6,1.2,9.1,1.8,0.0,1.6,6.82,1.462,0.018,81.2222177098768,32.100071970492095,175.0
0.0,8.8,7.5,9.8,2.4,1.5,3.7,-0.2,0.0,8.4,11.35,1.322,0.018,73.44444036419777,31.251245370923424,0.0
160.0,7.4,7.6,10.0,2.7,2.7,3.5,-1.5,1.3,3.7,6.5,1.425,0.015,94.9999936666671,31.17035935340424,0.0
0.0,7.5,7.2,9.2,2.5,1.6,2.9,-1.0,0.6,3.9,7.56,1.362,0.023,59.21738872967876,31.002376357056693,160.0
150.0,6.2,7.4,10.1,3.2,1.6,3.4,-3.5,0.0,4.6,9.93,1.492,0.015,99.466660035556,30.407531505703872,0.0
226.0,5.7,7.4,10.4,3.5,2.4,3.1,-1.9,2.4,7.1,11.79,1.377,0.008,172.1249784843777,30.933727211343687,150.0
0.0,5.2,7.5,11.2,3.1,1.8,2.2,-2.0,0.0,9.6,15.56,1.345,0.013,103.4615305029592,31.5279593639576,226.0
172.0,5.8,7.5,11.3,3.2,1.7,4.2,2.1,0.0,10.2,17.73,1.355,0.011,123.1818069834721,31.53953302670244,0.0
128.0,6.1,7.5,11.4,3.7,1.4,4.3,3.0,0.0,6.6,14.71,1.393,0.009,154.77776058024884,31.322441560098223,172.0
16.0,8.8,8.2,13.3,2.9,1.7,4.5,-0.5,0.0,8.0,13.14,1.121,0.016,70.06249562109403,15.567205580631924,0.0
0.0,8.8,8.2,13.3,2.9,1.7,4.5,23.3,0.0,12.5,28.27,2.502,0.004,625.4998436250389,7.753433201537006,0.0
186.0,8.8,8.2,13.3,2.9,1.7,4.5,-0.6,0.0,4.8,7.72,2.389,0.007,341.2856655306192,32.24918958485831,100.0
0.0,8.8,8.2,13.3,2.9,1.7,4.5,3.0,0.0,10.6,19.68,2.078,0.006,346.33327561112065,30.92682429677945,0.0
8258.0,24.6,8.3,5.5,1.8,7.9,7.2,26.2,0.0,5.0,13.15,1.799,0.026,69.19230503106519,17.881725417439704,5008.0
1374.0,22.8,7.8,5.5,1.9,3.9,11.5,22.1,0.0,8.7,19.62,1.674,0.012,139.49998837500095,30.775921932677896,2614.0
0.0,17.4,8.3,10.4,2.8,2.3,4.8,22.6,0.0,12.3,29.88,3.221,0.024,134.2083277413197,11.101007663922797,0.0
7716.0,25.5,8.2,4.1,1.8,3.6,5.2,30.8,0.0,7.1,20.51,2.617,0.012,218.08331515972372,15.690169380156238,974.0
0.0,12.9,8.0,10.2,3.4,2.7,4.3,23.4,0.0,12.5,29.65,2.015,0.011,183.1818015289272,16.312934315745366,0.0
2376.0,22.0,9.4,8.3,0.6,29.8,7.1,29.1,0.0,11.3,26.25,2.278,0.013,175.23075575148033,7.95087557163116,190.0
0.0,10.0,7.8,11.6,4.5,2.6,1.8,11.6,0.0,12.2,25.14,2.203,0.015,146.8666568755562,28.020581349980493,0.0
0.0,5.4,7.4,11.6,5.0,1.3,3.0,-1.7,0.0,9.4,14.7,2.47,0.014,176.42855882653154,30.855944501018328,36.0
0.0,11.7,8.1,10.8,4.6,1.3,2.8,13.9,0.0,10.9,25.19,2.97,0.012,247.49997937500171,18.634912309457462,0.0
0.0,17.4,8.5,9.6,3.1,1.6,6.1,17.3,0.0,1.6,8.0,2.692,0.008,336.4999579375053,12.40209145581109,0.0
248.0,17.9,8.0,9.2,3.5,1.4,8.4,9.6,0.0,6.5,10.89,2.764,0.011,251.27270442975416,30.90194996792816,516.0
49.0,13.2,8.0,9.7,4.7,1.8,14.1,17.6,0.0,13.4,29.96,2.156,0.009,239.55552893827465,17.30852096010818,305.0
909.0,23.9,8.6,6.3,0.2,16.7,5.9,26.6,0.2,7.0,20.76,2.274,0.018,126.33332631481522,0.5726681054622931,803.0
28667.0,27.1,9.0,6.1,1.0,9.7,12.9,29.0,0.0,6.5,18.6,1.402,0.015,93.46666043555597,26.490407914096984,37106.0
2404.0,23.0,7.0,6.3,1.7,4.7,22.9,17.7,8.3,0.0,3.57,1.9,0.008,237.4999703125037,32.23566861273283,8332.0
837.0,20.3,7.2,8.0,2.0,2.7,22.2,14.5,0.0,4.6,9.85,2.708,0.01,270.79997292000274,32.84242697047775,1152.0
0.0,14.8,7.1,8.6,3.0,1.9,9.7,8.3,0.0,5.1,7.75,2.534,0.009,281.5555242716084,31.766362990642666,257.0
30297.0,27.1,7.8,4.8,1.6,6.8,8.9,22.2,0.0,0.1,7.38,0.562,0.011,51.09090444628143,23.946205737984616,15506.0
15606.0,19.4,7.5,8.8,1.5,5.9,21.3,7.0,0.0,9.7,14.94,1.293,0.011,117.54544385950511,34.081553577478665,18429.0
547.0,14.6,7.7,9.6,3.0,5.4,13.4,7.9,0.0,8.6,11.82,1.334,0.007,190.57140134694265,32.56860590778098,1638.0
50.0,8.5,7.6,10.4,4.0,1.6,4.5,-0.2,0.0,8.4,11.35,1.45,0.008,181.24997734375285,31.251245370923424,49.0
0.0,8.8,8.2,13.3,2.9,1.7,4.5,23.3,0.0,12.5,28.27,3.442,0.02,172.09999139500044,7.753433201537006,0.0
42.0,8.8,8.2,13.3,2.9,1.7,4.5,-0.6,0.0,4.8,7.72,2.489,0.007,355.5713777755174,32.24918958485831,176.0
0.0,8.8,8.2,13.3,2.9,1.7,4.5,3.0,0.0,10.6,19.68,3.324,0.012,276.9999769166686,30.92682429677945,0.0
2828.0,22.0,8.2,3.5,1.9,7.6,5.7,26.2,0.0,5.0,13.15,2.095,0.032,65.46874795410163,17.881725417439704,5946.0
736.0,21.7,7.6,4.6,2.8,4.7,4.8,22.1,0.0,8.7,19.62,1.818,0.015,121.19999192000056,30.775921932677896,868.0
0.0,13.5,7.8,8.7,4.2,1.8,2.7,22.6,0.0,12.3,29.88,2.935,0.023,127.60869010397,11.101007663922797,0.0
2854.0,21.0,8.3,4.3,2.2,4.8,7.1,21.9,0.0,5.2,15.98,2.475,0.046,53.80434665642725,33.872455449509445,5476.0
6190.0,21.9,8.3,6.2,1.7,4.0,6.3,30.8,0.0,7.1,20.51,2.85,0.023,123.91303809073749,15.690169380156238,4600.0
56.0,11.7,8.0,8.4,2.5,2.1,4.8,23.4,0.0,12.5,29.65,1.688,0.033,51.15151360146928,16.312934315745366,0.0
5238.0,23.2,8.6,10.1,1.6,24.5,13.5,28.5,0.0,11.5,24.02,1.995,0.013,153.46152665680566,3.935932617740865,1510.0
0.0,8.8,7.7,11.6,2.9,2.3,2.5,11.6,0.0,12.2,25.14,2.351,0.012,195.91665034027915,28.020581349980493,0.0
0.0,10.2,7.9,10.4,5.0,1.4,1.8,13.9,0.0,10.9,25.19,2.413,0.013,185.6153703372792,18.634912309457462,0.0
0.0,12.8,8.1,7.9,5.4,1.0,2.1,17.3,0.0,1.6,8.0,2.471,0.013,190.0769084556225,12.40209145581109,0.0
52.0,18.0,7.8,8.2,3.0,2.9,8.2,9.6,0.0,6.5,10.89,2.8,0.016,174.99998906250067,30.90194996792816,82.0
0.0,12.5,8.1,9.0,2.5,2.2,7.8,17.6,0.0,13.4,29.96,2.04,0.036,56.666665092592645,17.30852096010818,0.0
160.0,22.8,8.3,7.9,0.2,123.0,7.4,26.6,0.2,7.0,20.76,3.098,0.055,56.32727170314051,0.5726681054622931,680.0
16319.0,24.8,8.4,3.5,1.4,21.3,6.8,29.0,0.0,6.5,18.6,1.185,0.019,62.36841777008328,26.490407914096984,17201.0
430.0,22.1,7.0,4.2,2.5,10.8,11.2,17.7,8.3,0.0,3.57,1.859,0.02,92.94999535250024,32.23566861273283,1325.0
172.0,19.9,7.1,6.3,2.3,4.7,6.8,14.5,0.0,4.6,9.85,2.276,0.012,189.66665086111243,32.84242697047775,73.0
0.0,15.3,7.0,7.9,2.5,3.8,5.1,8.3,0.0,5.1,7.75,2.609,0.012,217.4166485486126,31.766362990642666,0.0
23710.0,24.0,7.6,3.2,1.0,9.2,11.8,22.2,0.0,0.1,7.38,0.629,0.016,39.312497542968906,23.946205737984616,24974.0
1780.0,19.5,5.9,7.8,2.3,4.6,15.2,7.0,0.0,9.7,14.94,1.161,0.016,72.56249546484403,34.081553577478665,2050.0
174.0,14.8,7.6,9.0,3.4,1.7,8.4,7.9,0.0,8.6,11.82,1.338,0.007,191.1428298367386,32.56860590778098,117.0
18.0,8.0,7.7,11.0,3.7,1.4,3.7,-0.2,0.0,8.4,11.35,1.5,0.007,214.28568367347376,31.251245370923424,265.0
