조사일,채수위치,TN(㎎/L),TP(㎎/L)
2015-01-05,문의,1.798,0.009
2015-01-06,추동,2.283,0.008
2015-01-06,회남,,
2015-01-12,문의,1.403,0.009
2015-01-19,문의,1.501,0.015
2015-01-26,문의,1.509,0.007
2015-02-02,문의,1.615,0.01
2015-02-02,추동,1.121,0.016
2015-02-02,회남,,
2015-02-09,문의,1.475,0.009
2015-02-16,문의,1.492,0.007
2015-02-23,문의,1.436,0.006
2015-03-02,문의,1.458,0.006
2015-03-04,추동,2.724,0.005
2015-03-04,회남,3.087,0.011
2015-03-09,문의,1.53,0.007
2015-03-16,문의,1.469,0.008
2015-03-23,문의,1.617,0.006
2015-03-30,문의,1.34,0.006
2015-04-02,추동,2.841,0.009
2015-04-02,회남,3.225,0.017
2015-04-06,문의,1.403,0.007
2015-04-13,문의,1.673,0.007
2015-04-20,문의,1.392,0.007
2015-04-27,문의,1.838,0.007
2015-05-04,문의,1.546,0.008
2015-05-06,추동,2.092,0.01
2015-05-06,회남,2.023,0.025
2015-05-11,문의,1.564,0.008
2015-05-18,문의,1.588,0.007
2015-05-26,문의,1.633,0.007
2015-06-01,문의,1.491,0.007
2015-06-01,추동,2.502,0.004
2015-06-01,회남,3.442,0.02
2015-06-08,문의,1.437,0.007
2015-06-15,문의,1.275,0.009
2015-06-22,문의,1.441,0.011
2015-06-29,문의,1.546,0.014
2015-07-02,추동,2.173,0.01
2015-07-02,회남,2.314,0.046
2015-07-06,문의,1.084,0.016
2015-07-13,문의,0.868,0.014
2015-07-20,문의,0.707,0.019
2015-07-27,문의,0.872,0.016
2015-08-03,문의,0.869,0.023
2015-08-05,추동,1.796,0.006
2015-08-05,회남,1.672,0.031
2015-08-10,문의,0.69,0.025
2015-08-17,문의,0.641,0.022
2015-08-24,문의,0.679,0.022
2015-08-31,문의,0.616,0.027
2015-09-03,추동,1.685,0.015
2015-09-03,회남,1.649,0.036
2015-09-07,문의,0.576,0.023
2015-09-14,문의,0.779,0.023
2015-09-21,문의,0.638,0.022
2015-09-30,문의,0.629,0.026
2015-10-02,추동,1.736,0.008
2015-10-02,회남,1.342,0.038
2015-10-05,문의,0.717,0.019
2015-10-12,문의,0.763,0.019
2015-10-19,문의,0.61,0.011
2015-10-26,문의,0.663,0.017
2015-11-02,문의,0.808,0.011
2015-11-03,추동,1.488,0.01
2015-11-03,회남,1.65,0.019
2015-11-09,문의,0.617,0.004
2015-11-16,문의,0.741,0.013
2015-11-25,문의,0.52,0.011
2015-11-25,문의,0.556,0.01
2015-11-30,문의,0.659,0.01
2015-12-01,추동,1.638,0.016
2015-12-01,회남,3.439,0.01
2015-12-07,문의,0.732,0.021
2015-12-14,문의,0.725,0.009
2015-12-21,문의,0.829,0.012
2015-12-28,문의,0.576,0.007
2016-01-05,문의,0.821,0.009
2016-01-05,추동,2.389,0.007
2016-01-05,회남,2.489,0.007
2016-01-11,문의,0.768,0.008
2016-01-18,문의,1.069,0.025
2016-01-25,문의,0.861,0.012
2016-02-01,문의,1.041,0.012
2016-02-02,추동,2.375,0.005
2016-02-02,회남,,
2016-02-11,문의,1.003,0.04
2016-02-15,문의,0.936,0.014
2016-02-22,문의,0.765,0.017
2016-03-02,문의,0.986,0.014
2016-03-02,추동,2.078,0.006
2016-03-02,회남,3.324,0.012
2016-03-07,문의,0.873,0.01
2016-03-14,문의,1.119,0.009
2016-03-21,문의,0.93,0.006
2016-03-28,문의,1.07,0.013
2016-04-04,문의,1.154,0.022
2016-04-05,추동,2.187,0.007
2016-04-05,회남,3.156,0.019
2016-04-11,문의,1.04,0.017
2016-04-18,문의,0.923,0.011
2016-04-25,문의,1.322,0.005
2016-05-02,문의,1.514,0.007
2016-05-03,추동,3.202,0.014
2016-05-03,회남,4.368,0.031
2016-05-09,문의,1.624,0.003
2016-05-16,문의,1.25,0.004
2016-05-23,문의,1.402,0.006
2016-06-01,추동,3.051,0.007
2016-06-01,회남,2.577,0.041
2016-07-05,추동,2.403,0.013
2016-07-05,회남,3.049,0.124
2016-08-02,추동,1.74,0.026
2016-08-02,회남,2.24,0.046
2016-09-05,추동,1.799,0.026
2016-09-05,회남,2.095,0.032
2016-10-04,문의,0.775,0.027
2016-10-04,추동,1.674,0.012
2016-10-04,회남,1.818,0.015
2016-10-10,문의,0.897,0.039
2016-10-17,문의,1.459,0.036
2016-10-24,문의,1.069,0.051
2016-10-31,문의,1.073,0.05
2016-11-02,추동,2.176,0.017
2016-11-02,회남,2.223,0.033
2016-11-07,문의,1.253,0.011
2016-11-14,문의,1.46,0.007
2016-11-21,문의,1.676,0.009
2016-11-28,문의,1.325,0.005
2016-12-05,문의,1.257,0.012
2016-12-08,추동,1.956,0.009
2016-12-08,회남,2.061,0.013
2016-12-12,문의,1.304,0.005
2016-12-19,문의,1.279,0.011
2016-12-26,문의,1.377,0.009
2017-01-02,문의,1.435,0.028
2017-01-04,추동,2.205,0.006
2017-01-04,회남,2.572,0.022
2017-01-09,문의,1.349,0.01
2017-01-16,문의,1.331,0.003
2017-01-23,문의,1.361,0.009
2017-01-31,문의,1.259,0.011
2017-02-06,문의,1.484,0.016
2017-02-07,추동,2.225,0.009
2017-02-07,회남,,
2017-02-13,문의,1.319,0.01
2017-02-20,문의,1.404,0.003
2017-02-27,문의,1.419,0.004
2017-03-03,추동,2.25,0.006
2017-03-03,회남,3.147,0.012
2017-03-06,문의,1.335,0.005
2017-03-13,문의,1.247,0.007
2017-03-20,문의,1.963,0.005
2017-03-27,문의,1.302,0.013
2017-04-03,문의,1.255,0.006
2017-04-05,추동,2.571,0.011
2017-04-05,회남,3.005,0.023
2017-04-10,문의,1.336,0.006
2017-04-17,문의,1.312,0.008
2017-04-24,문의,1.245,0.009
2017-05-08,문의,1.279,0.007
2017-05-11,추동,2.834,0.013
2017-05-11,회남,2.288,0.028
2017-05-15,문의,1.37,0.013
2017-05-22,문의,1.296,0.013
2017-05-29,문의,1.239,0.01
2017-06-05,문의,1.309,0.009
2017-06-05,추동,3.221,0.024
2017-06-05,회남,2.935,0.023
2017-06-12,문의,1.204,0.008
2017-06-19,문의,1.217,0.007
2017-06-26,문의,1.233,0.015
2017-07-03,문의,1.05,0.008
2017-07-10,문의,1.127,0.012
2017-07-13,추동,1.843,0.0
2017-07-13,회남,3.149,0.059
2017-07-17,문의,1.027,0.023
2017-07-24,문의,1.083,0.013
2017-07-31,문의,1.19,0.021
2017-08-02,추동,1.775,0.018
2017-08-02,회남,2.205,0.038
2017-08-07,문의,1.062,0.02
2017-08-14,문의,1.122,0.021
2017-08-21,문의,1.064,0.027
2017-08-28,문의,1.381,0.032
2017-09-04,문의,1.165,0.031
2017-09-07,추동,1.97,0.072
2017-09-07,회남,2.475,0.046
2017-09-11,문의,1.106,0.03
2017-09-18,문의,0.977,0.018
2017-09-25,문의,1.102,0.014
2017-10-10,문의,1.28,0.029
2017-10-11,추동,2.42,0.042
2017-10-11,회남,2.247,0.045
2017-10-16,문의,1.201,0.021
2017-10-23,문의,1.237,0.025
2017-10-30,문의,1.215,0.032
2017-11-06,문의,1.22,0.024
2017-11-09,추동,2.319,0.03
2017-11-09,회남,2.216,0.025
2017-11-13,문의,1.165,0.014
2017-11-20,문의,1.273,0.021
2017-11-27,문의,1.179,0.007
2017-12-04,문의,1.237,0.007
2017-12-07,추동,2.239,0.016
2017-12-07,회남,1.966,0.01
2017-12-11,문의,1.663,0.01
2017-12-18,문의,1.478,0.008
2017-12-26,문의,1.21,0.009
2018-01-02,문의,1.191,0.006
2018-01-04,추동,2.085,0.017
2018-01-04,회남,,
2018-01-08,문의,1.345,0.015
2018-01-15,문의,1.224,0.01
2018-01-22,문의,1.309,0.01
2018-01-29,문의,1.244,0.017
2018-02-05,문의,1.151,0.006
2018-02-06,추동,2.243,0.015
2018-02-06,회남,,
2018-02-12,문의,1.334,0.014
2018-02-20,문의,1.292,0.011
2018-02-28,문의,1.626,0.016
2018-03-05,문의,1.549,0.005
2018-03-09,추동,2.481,0.015
2018-03-09,회남,3.846,0.032
2018-03-12,문의,1.132,0.011
2018-03-19,문의,1.29,0.015
2018-03-26,문의,1.177,0.009
2018-04-02,문의,1.544,0.008
2018-04-03,추동,2.052,0.006
2018-04-03,회남,3.02,0.018
2018-04-09,문의,1.415,0.015
2018-04-16,문의,1.385,0.015
2018-04-23,문의,1.471,0.018
2018-04-30,문의,1.485,0.027
2018-05-08,문의,1.694,0.047
2018-05-11,추동,2.81,0.012
2018-05-11,회남,2.264,0.027
2018-05-14,문의,3.17,0.027
2018-05-21,문의,2.354,0.051
2018-05-28,문의,1.935,0.05
2018-06-04,문의,2.992,0.056
2018-06-05,추동,2.141,0.048
2018-06-05,회남,2.307,0.032
2018-06-11,문의,2.734,0.036
2018-06-18,문의,3.312,0.016
2018-06-25,문의,1.718,0.027
2018-07-02,문의,1.59,0.024
2018-07-05,추동,2.049,0.019
2018-07-05,회남,3.065,0.074
2018-07-09,문의,2.19,0.022
2018-07-16,문의,1.377,0.026
2018-07-23,문의,1.4,0.024
2018-07-30,문의,1.447,0.019
2018-08-06,문의,1.55,0.031
2018-08-06,추동,2.617,0.012
2018-08-06,회남,2.85,0.023
2018-08-13,문의,1.158,0.03
2018-08-20,문의,1.121,0.022
2018-08-27,문의,1.22,0.025
2018-09-04,추동,1.633,0.051
2018-09-04,회남,2.995,0.105
2018-10-01,문의,1.506,0.041
2018-10-08,문의,1.751,0.054
2018-10-11,추동,2.405,0.048
2018-10-11,회남,2.253,0.046
2018-10-15,문의,1.53,0.025
2018-10-22,문의,1.661,0.029
2018-10-29,문의,1.472,0.024
2018-11-09,추동,2.101,0.052
2018-11-09,회남,2.108,0.023
2018-11-12,문의,1.531,0.014
2018-11-12,문의,1.531,0.014
2018-11-19,문의,1.305,0.02
2018-11-26,문의,1.45,0.026
2018-12-03,문의,1.499,0.021
2018-12-04,추동,2.074,0.02
2018-12-04,회남,2.15,0.03
2018-12-10,문의,1.44,0.018
2018-12-17,문의,1.386,0.017
2018-12-24,문의,1.422,0.016
2019-01-03,추동,2.109,0.013
2019-01-03,회남,2.038,0.021
2019-01-07,문의,1.409,0.009
2019-01-14,문의,1.489,0.009
2019-01-21,문의,1.421,0.009
2019-01-28,문의,1.371,0.01
2019-02-07,문의,1.521,0.016
2019-02-08,추동,2.147,0.018
2019-02-08,회남,2.779,0.046
2019-02-11,문의,1.462,0.022
2019-02-18,문의,1.624,0.015
2019-02-25,문의,1.544,0.026
2019-03-04,문의,1.595,0.022
2019-03-05,추동,1.983,0.018
2019-03-05,회남,2.833,0.038
2019-03-11,문의,1.504,0.025
2019-03-18,문의,1.663,0.036
2019-03-25,문의,1.775,0.043
2019-04-01,문의,1.603,0.024
2019-04-04,추동,1.98,0.021
2019-04-04,회남,2.279,0.024
2019-04-08,문의,1.5,0.095
2019-04-15,문의,1.552,0.047
2019-04-22,문의,1.408,0.068
2019-04-29,문의,1.352,0.054
2019-05-03,추동,2.108,0.014
2019-05-03,회남,2.355,0.012
2019-05-07,문의,1.33,0.04
2019-05-13,문의,1.639,0.034
2019-05-20,문의,1.513,0.073
2019-05-27,문의,1.449,0.038
2019-06-03,문의,1.75,0.036
2019-06-03,추동,2.015,0.011
2019-06-03,회남,1.688,0.033
2019-06-10,문의,1.575,0.041
2019-06-17,문의,1.476,0.023
2019-06-24,문의,1.686,0.028
2019-07-01,문의,1.392,0.021
2019-07-04,추동,1.932,0.016
2019-07-04,회남,1.933,0.028
2019-07-08,문의,1.147,0.025
2019-07-15,문의,1.368,0.029
2019-07-22,문의,1.217,0.024
2019-07-29,문의,1.146,0.039
2019-08-01,추동,1.479,0.011
2019-08-01,회남,2.155,0.03
2019-08-05,문의,1.11,0.016
2019-08-12,문의,1.226,0.022
2019-08-19,문의,0.947,0.03
2019-08-26,문의,0.887,0.019
2019-09-02,문의,0.873,0.021
2019-09-04,추동,1.919,0.024
2019-09-04,회남,1.602,0.027
2019-09-09,문의,0.866,0.017
2019-09-16,문의,0.97,0.021
2019-09-23,문의,0.979,0.04
2019-09-30,문의,0.847,0.025
2019-10-02,추동,1.581,0.018
2019-10-02,회남,1.779,0.018
2019-10-07,문의,0.939,0.026
2019-10-14,문의,0.865,0.017
2019-10-21,문의,1.295,0.026
2019-10-28,문의,1.303,0.021
2019-11-04,문의,1.062,0.014
2019-11-05,추동,2.004,0.014
2019-11-05,회남,2.332,0.017
2019-11-11,문의,1.139,0.021
2019-11-18,문의,1.08,0.019
2019-11-25,문의,1.165,0.016
2019-12-02,문의,1.384,0.02
2019-12-04,추동,2.056,0.023
2019-12-04,회남,1.772,0.036
2019-12-09,문의,1.321,0.024
2019-12-16,문의,1.246,0.013
2019-12-23,문의,1.317,0.034
2020-01-02,추동,1.899,0.011
2020-01-02,회남,1.696,0.008
2020-01-06,문의,1.072,0.02
2020-01-13,문의,1.178,0.016
2020-01-20,문의,1.43,0.017
2020-01-28,문의,1.304,0.03
2020-02-03,문의,1.292,0.013
2020-02-04,추동,1.812,0.009
2020-02-04,회남,2.276,0.011
2020-02-10,문의,1.356,0.009
2020-02-17,문의,1.345,0.014
2020-02-24,문의,1.483,0.014
2020-03-02,문의,1.31,0.027
2020-03-03,추동,1.953,0.016
2020-03-03,회남,3.093,0.036
2020-03-09,문의,1.271,0.015
2020-03-16,문의,1.35,0.015
2020-03-23,문의,1.297,0.012
2020-03-30,문의,1.269,0.011
2020-04-02,추동,1.889,0.011
2020-04-02,회남,2.404,0.015
2020-04-06,문의,1.259,0.01
2020-04-13,문의,1.455,0.009
2020-04-20,문의,1.377,0.013
2020-04-27,문의,1.387,0.01
2020-05-04,문의,1.586,0.013
2020-05-07,추동,1.85,0.01
2020-05-07,회남,2.162,0.019
2020-05-11,문의,1.271,0.011
2020-05-18,문의,1.417,0.014
2020-05-25,문의,1.315,0.009
2020-06-01,문의,1.446,0.022
2020-06-03,추동,2.058,0.009
2020-06-03,회남,1.793,0.011
2020-06-08,문의,1.286,0.032
2020-06-15,문의,1.371,0.017
2020-06-22,문의,1.284,0.016
2020-06-29,문의,1.277,0.027
2020-07-02,추동,2.188,0.011
2020-07-02,회남,1.999,0.018
2020-07-06,문의,1.245,0.04
2020-07-13,문의,1.216,0.017
2020-07-20,문의,1.313,0.034
2020-07-27,문의,1.572,0.026
2020-08-04,문의,1.691,0.05
2020-08-18,문의,1.379,0.034
2020-08-18,추동,2.278,0.013
2020-08-24,문의,1.225,0.052
2020-08-24,회남,1.995,0.013
2020-08-31,문의,1.339,0.039
2020-09-01,추동,2.037,0.03
2020-09-08,문의,1.476,0.045
2020-09-09,회남,2.347,0.017
2020-09-14,문의,1.451,0.061
2020-09-21,문의,1.559,0.027
2020-10-05,문의,1.378,0.03
2020-10-06,추동,1.592,0.02
2020-10-06,회남,1.805,0.018
2020-10-12,문의,1.636,0.026
2020-10-19,문의,1.603,0.021
2020-10-26,문의,1.65,0.039
2020-11-02,문의,1.52,0.039
2020-11-05,추동,2.402,0.016
2020-11-05,회남,2.436,0.024
2020-11-09,문의,1.472,0.027
2020-11-16,문의,1.386,0.019
2020-11-23,문의,1.41,0.017
2020-11-30,문의,1.467,0.027
2020-12-01,추동,1.985,0.029
2020-12-01,회남,1.989,0.026
2020-12-07,문의,1.621,0.023
2020-12-14,문의,1.396,0.018
2020-12-21,문의,1.338,0.018
2021-01-07,추동,1.926,0.017
2021-01-07,회남,,
2021-01-13,문의,1.327,0.01
2021-01-18,문의,1.301,0.007
2021-01-25,문의,1.234,0.021
2021-01-25,문의,1.266,0.02
2021-02-01,문의,1.363,0.017
2021-02-05,추동,1.891,0.013
2021-02-05,회남,,
2021-02-08,문의,1.309,0.007
2021-02-15,문의,1.283,0.013
2021-02-22,문의,1.262,0.01
2021-03-02,문의,1.245,0.007
2021-03-04,추동,2.163,0.014
2021-03-04,회남,2.05,0.021
2021-03-08,문의,1.213,0.012
2021-03-15,문의,1.216,0.013
2021-03-22,문의,1.231,0.011
2021-03-29,문의,1.215,0.013
2021-04-05,문의,1.229,0.015
2021-04-05,추동,2.203,0.015
2021-04-05,회남,2.351,0.012
2021-04-12,문의,1.183,0.016
2021-04-19,문의,1.078,0.008
2021-04-26,문의,1.15,0.007
2021-05-03,문의,1.234,0.013
2021-05-06,추동,2.355,0.015
2021-05-06,회남,2.575,0.013
2021-05-10,문의,1.241,0.012
2021-05-17,문의,1.253,0.009
2021-05-24,문의,1.333,0.008
2021-05-31,문의,1.431,0.009
2021-06-07,문의,1.366,0.01
2021-06-08,추동,1.975,0.008
2021-06-08,회남,2.049,0.016
2021-06-14,문의,1.215,0.009
2021-06-21,문의,1.27,0.012
2021-06-28,문의,1.222,0.013
2021-07-05,문의,1.172,0.027
2021-07-06,추동,2.591,0.011
2021-07-06,회남,2.99,0.01
2021-07-12,문의,1.14,0.031
2021-07-19,문의,1.053,0.032
2021-07-26,문의,1.002,0.021
2021-08-02,문의,0.983,0.028
2021-08-09,문의,0.822,0.016
2021-08-11,추동,2.273,0.009
2021-08-11,회남,2.528,0.01
2021-08-17,문의,0.922,0.02
2021-08-23,문의,1.024,0.019
2021-08-30,문의,1.077,0.014
2021-09-02,추동,2.265,0.013
2021-09-02,회남,2.647,0.02
2021-09-06,문의,1.0,0.015
2021-09-13,문의,1.097,0.017
2021-09-27,문의,1.073,0.014
2021-10-05,문의,1.112,0.015
2021-10-07,추동,2.197,0.008
2021-10-07,회남,2.556,0.016
2021-10-12,문의,1.248,0.014
2021-10-18,문의,1.173,0.009
2021-10-25,문의,1.162,0.007
2021-11-01,문의,1.339,0.011
2021-11-03,추동,2.292,0.008
2021-11-03,회남,2.223,0.033
2021-11-08,문의,1.354,0.007
2021-11-15,문의,1.205,0.007
2021-11-22,문의,1.173,0.01
2021-11-29,문의,1.226,0.004
2021-12-06,문의,1.222,0.007
2021-12-09,추동,2.291,0.008
2021-12-10,회남,2.449,0.019
2021-12-13,문의,1.24,0.01
2021-12-20,문의,1.199,0.008
2022-01-03,문의,1.233,0.009
2022-01-05,추동,2.334,0.017
2022-01-05,회남,2.44,0.017
2022-01-10,문의,1.232,0.009
2022-01-17,문의,1.219,0.007
2022-01-24,문의,1.288,0.011
2022-02-03,문의,1.228,0.008
2022-02-03,추동,2.47,0.014
2022-02-03,회남,,
2022-02-07,문의,1.229,0.008
2022-02-14,문의,1.227,0.008
2022-02-21,문의,1.273,0.007
2022-02-28,문의,1.207,0.006
2022-03-03,추동,1.957,0.009
2022-03-03,회남,2.382,0.033
2022-03-07,문의,1.194,0.007
2022-03-14,문의,1.16,0.008
2022-03-21,문의,1.233,0.007
2022-03-28,문의,1.143,0.008
2022-04-04,문의,1.172,0.005
2022-04-07,추동,2.368,0.01
2022-04-07,회남,2.691,0.028
2022-04-11,문의,1.166,0.004
2022-04-18,문의,1.227,0.004
2022-04-25,문의,1.155,0.007
2022-05-02,문의,1.161,0.012
2022-05-02,추동,2.97,0.012
2022-05-02,회남,2.413,0.013
2022-05-09,문의,1.21,0.009
2022-05-16,문의,1.209,0.007
2022-05-23,문의,1.145,0.008
2022-05-30,문의,1.2,0.008
2022-06-07,문의,1.218,0.01
2022-06-07,추동,2.692,0.008
2022-06-07,회남,2.471,0.013
2022-06-13,문의,1.19,0.007
2022-06-20,문의,1.206,0.013
2022-06-27,문의,1.192,0.015
2022-07-04,문의,1.067,0.011
2022-07-07,추동,2.52,0.009
2022-07-07,회남,2.332,0.028
2022-07-11,문의,1.076,0.02
2022-07-18,문의,0.956,0.011
2022-07-25,문의,0.968,0.011
2022-08-01,문의,0.843,0.012
2022-08-02,추동,2.046,0.009
2022-08-02,회남,3.009,0.035
2022-08-08,문의,0.848,0.011
2022-08-22,문의,0.908,0.016
2022-08-29,문의,0.989,0.018
2022-09-02,추동,2.091,0.018
2022-09-02,회남,3.364,0.048
2022-09-05,문의,1.069,0.02
2022-09-13,문의,1.165,0.018
2022-09-19,문의,1.261,0.014
2022-09-26,문의,1.366,0.014
2022-10-04,문의,1.304,0.014
2022-10-11,문의,1.524,0.011
2022-10-12,추동,2.799,0.033
2022-10-12,회남,3.304,0.056
2022-10-17,문의,1.427,0.013
2022-10-24,문의,1.457,0.012
2022-10-31,문의,1.494,0.013
2022-11-07,문의,1.509,0.007
2022-11-07,추동,2.764,0.011
2022-11-07,회남,2.8,0.016
2022-11-14,문의,1.466,0.009
2022-11-21,문의,1.472,0.011
2022-11-28,문의,1.473,0.008
2022-12-05,문의,1.491,0.009
2022-12-06,추동,2.511,0.024
2022-12-06,회남,2.781,0.018
2022-12-12,문의,1.414,0.01
2022-12-19,문의,1.399,0.008
2023-01-02,문의,1.446,0.009
2023-01-04,추동,2.693,0.011
2023-01-04,회남,,
2023-01-09,문의,1.392,0.006
2023-01-16,문의,1.364,0.005
2023-01-30,문의,1.388,0.008
2023-02-01,추동,2.345,0.018
2023-02-01,회남,,
2023-02-06,문의,1.457,0.008
2023-02-13,문의,1.369,0.006
2023-02-20,문의,1.415,0.006
2023-02-27,문의,1.356,0.005
2023-03-06,문의,1.367,0.008
2023-03-07,추동,1.979,0.027
2023-03-07,회남,2.314,0.02
2023-03-13,문의,1.359,0.004
2023-03-20,문의,1.499,0.008
2023-03-27,문의,1.403,0.011
2023-04-03,문의,1.41,0.014
2023-04-04,추동,2.202,0.012
2023-04-04,회남,2.586,0.018
2023-04-10,문의,1.33,0.012
2023-04-17,문의,1.302,0.013
2023-04-24,문의,1.428,0.005
2023-05-02,문의,1.324,0.011
2023-05-08,문의,1.306,0.006
2023-05-09,추동,3.099,0.01
2023-05-09,회남,3.651,0.033
2023-05-15,문의,1.421,0.01
2023-05-22,문의,1.338,0.011
2023-05-30,문의,1.22,0.019
2023-06-05,문의,1.276,0.011
2023-06-12,문의,1.291,0.011
2023-06-15,추동,3.316,0.009
2023-06-15,회남,3.652,0.018
2023-06-19,문의,1.134,0.016
2023-06-26,문의,1.186,0.013
2023-07-03,문의,1.203,0.006
2023-07-05,추동,3.503,0.017
2023-07-05,회남,3.691,0.049
2023-07-10,문의,1.155,0.023
2023-07-26,문의,1.505,0.02
2023-07-31,문의,1.258,0.021
2023-08-02,추동,3.404,0.044
2023-08-02,회남,3.129,0.052
2023-08-07,문의,1.22,0.023
2023-08-14,문의,1.013,0.034
2023-08-21,문의,1.038,0.029
2023-08-28,문의,1.171,0.038
2023-09-04,문의,0.887,0.03
2023-09-06,추동,3.511,0.03
2023-09-06,회남,2.994,0.023
2023-09-11,문의,0.861,0.052
2023-09-18,문의,1.171,0.032
2023-09-25,문의,1.168,0.025
2023-10-04,문의,1.155,0.026
2023-10-10,문의,1.188,0.028
2023-10-11,추동,2.917,0.02
2023-10-11,회남,3.103,0.023
2023-10-16,문의,1.131,0.017
2023-10-23,문의,1.283,0.015
2023-10-30,문의,1.244,0.015
2023-11-06,문의,1.32,0.011
2023-11-09,추동,3.024,0.009
2023-11-09,회남,2.679,0.014
2023-11-13,문의,1.272,0.015
2023-11-20,문의,1.383,0.023
2023-11-27,문의,1.565,0.013
2023-12-04,문의,1.332,0.013
2023-12-11,문의,1.645,0.018
2023-12-13,추동,3.245,0.013
2023-12-13,회남,2.761,0.012
2023-12-18,문의,1.361,0.014
2024-01-02,문의,1.343,0.014
2024-01-05,추동,3.217,0.01
2024-01-05,회남,2.605,0.012
2024-01-08,문의,1.218,0.013
2024-01-15,문의,1.314,0.017
2024-01-22,문의,1.406,0.021
2024-01-30,문의,1.316,0.01
2024-02-01,추동,2.773,0.008
2024-02-01,회남,,
2024-02-05,문의,1.492,0.023
2024-02-13,문의,1.419,0.009
2024-02-19,문의,1.395,0.01
2024-02-26,문의,1.36,0.009
2024-03-04,문의,1.38,0.011
2024-03-06,추동,2.342,0.015
2024-03-06,회남,3.446,0.008
2024-03-11,문의,1.467,0.011
2024-03-18,문의,1.382,0.009
2024-03-25,문의,1.426,0.008
2024-04-01,문의,1.466,0.009
2024-04-08,문의,1.572,0.009
2024-04-09,추동,2.794,0.009
2024-04-09,회남,3.092,0.01
2024-04-15,문의,1.516,0.016
2024-04-22,문의,1.606,0.011
2024-04-29,문의,1.774,0.021
2024-05-07,문의,1.664,0.034
2024-05-13,문의,1.676,0.013
2024-05-13,추동,2.156,0.009
2024-05-13,회남,2.04,0.036
2024-05-20,문의,1.608,0.006
2024-05-27,문의,1.685,0.011
2024-06-03,문의,1.568,0.034
2024-06-10,문의,1.711,0.015
2024-06-11,추동,2.3,0.008
2024-06-11,회남,1.549,0.01
2024-06-17,문의,1.423,0.031
2024-06-24,문의,1.365,0.038
2024-07-01,문의,1.339,0.038
2024-07-15,문의,1.122,0.031
2024-07-15,추동,2.274,0.018
2024-07-15,회남,3.098,0.055
2024-07-23,문의,1.21,0.028
2024-07-29,문의,1.149,0.047
2024-08-05,문의,1.296,0.031
2024-08-08,추동,2.153,0.018
2024-08-08,회남,2.51,0.01
2024-08-12,문의,1.159,0.057
2024-08-19,문의,1.101,0.045
2024-08-26,문의,1.095,0.031
2024-09-02,문의,1.055,0.038
2024-09-09,문의,1.051,0.044
2024-09-09,추동,1.402,0.015
2024-09-09,회남,1.185,0.019
2024-09-19,문의,0.802,0.049
2024-09-23,문의,1.038,0.019
2024-09-30,문의,1.017,0.04
2024-10-07,문의,1.143,0.03
2024-10-14,문의,1.205,0.029
2024-10-14,추동,1.9,0.008
2024-10-14,회남,1.859,0.02
2024-10-21,문의,1.212,0.027
2024-10-28,문의,1.349,0.031
2024-11-04,문의,1.371,0.023
2024-11-04,추동,2.708,0.01
2024-11-04,회남,2.276,0.012
2024-11-11,문의,1.325,0.025
2024-11-18,문의,1.151,0.019
2024-11-25,문의,1.282,0.024
2024-12-02,문의,1.452,0.014
2024-12-02,추동,2.534,0.009
2024-12-02,회남,2.609,0.012
2024-12-09,문의,1.414,0.017
2024-12-16,문의,1.478,0.014
2025-01-06,문의,1.4,0.015
2025-01-08,추동,2.066,0.01
2025-01-08,회남,2.085,0.011
2025-01-13,문의,1.379,0.012
2025-01-20,문의,1.435,0.018
2025-02-03,문의,1.311,0.012
2025-02-04,추동,1.637,0.007
2025-02-04,회남,,
2025-02-10,문의,1.313,0.007
2025-02-17,문의,1.385,0.006
2025-02-24,문의,1.491,0.034
2025-03-04,문의,1.439,0.015
2025-03-05,추동,1.553,0.007
2025-03-05,회남,1.806,0.006
2025-03-10,문의,1.297,0.006
2025-03-17,문의,1.309,0.011
2025-03-24,문의,1.288,0.016
2025-03-31,문의,1.453,0.011
2025-04-02,추동,1.693,0.005
2025-04-02,회남,2.488,0.007
2025-04-08,문의,1.257,0.01
2025-04-14,문의,1.254,0.008
2025-04-21,문의,1.246,0.01
2025-04-28,문의,1.321,0.01
2025-05-07,문의,1.21,0.011
2025-05-08,추동,1.133,0.003
2025-05-08,회남,1.176,0.012
2025-05-12,문의,1.389,0.01
2025-05-19,문의,1.291,0.016
2025-05-26,문의,1.287,0.006
2025-06-02,문의,1.205,0.01
2025-06-09,문의,1.282,0.012
2025-06-11,추동,1.05,0.003
2025-06-11,회남,1.317,0.012
2025-06-16,문의,1.19,0.021
2025-06-23,문의,1.236,0.035
2025-06-30,문의,1.079,0.01
2025-07-02,추동,1.053,0.02
2025-07-02,회남,2.562,0.026
2025-07-07,문의,0.94,0.017
2025-07-14,문의,1.182,0.021
2025-07-21,문의,1.135,0.031
2025-07-28,문의,1.137,0.042
2025-08-04,문의,1.262,0.036
2025-08-06,추동,0.967,0.029
2025-08-06,회남,1.796,0.03
2025-08-11,문의,1.307,0.02
2025-08-18,문의,1.065,0.027
2025-08-25,문의,1.265,0.026
2025-09-01,문의,1.297,0.022
2025-09-08,문의,1.216,0.024
2025-09-08,추동,0.562,0.011
2025-09-08,회남,0.629,0.016
2025-09-15,문의,1.182,0.021
2025-09-22,문의,1.193,0.017
2025-09-29,문의,1.18,0.02
2025-10-14,문의,1.14,0.015
2025-10-15,추동,0.938,0.014
2025-10-15,회남,1.46,0.034
2025-10-20,문의,1.207,0.015
2025-10-27,문의,1.067,0.014
2025-11-03,문의,1.312,0.017
2025-11-03,추동,1.293,0.011
2025-11-03,회남,1.161,0.016
2025-11-10,문의,1.287,0.015
2025-11-17,문의,1.25,0.012
2025-11-24,문의,1.404,0.012
2025-12-01,문의,1.485,0.016
2025-12-01,추동,1.334,0.007
2025-12-01,회남,1.338,0.007
2025-12-08,문의,1.234,0.013
2025-12-15,문의,1.462,0.018
2026-01-05,문의,1.322,0.018
2026-01-05,추동,1.45,0.008
2026-01-05,회남,1.5,0.007
2026-01-12,문의,1.425,0.015
2026-01-19,문의,1.362,0.023
2026-01-26,문의,1.492,0.015
2026-02-02,문의,1.377,0.008
2026-02-03,추동,1.369,0.009
2026-02-03,회남,,
2026-02-09,문의,1.345,0.013
2026-02-19,문의,1.355,0.011
2026-02-23,문의,1.393,0.009
